symbol,direction,entry_date,exit_date,entry_price,exit_price,qty,pnl,pnl_pct,regime,confidence,strategy,stop_price
SPY,long,2020-01-16,2020-01-31,330.86,321.75,358,-3261.3800000000047,-0.027534304539684498,NEUTRAL,0.9999999999998863,regime_alloc,0.0
SPY,long,2020-01-31,2020-02-04,321.75,329.06,180,1315.8000000000004,0.022719502719502727,BEAR,0.999999999990905,regime_alloc,0.0
SPY,long,2020-02-04,2020-02-11,329.06,335.27,283,1757.4299999999942,0.018871938248343705,BULL,0.8565026654762716,regime_alloc,0.0
SPY,long,2020-02-11,2020-02-21,335.27,333.45,353,-642.4599999999975,-0.005428460643660313,NEUTRAL,1.0,regime_alloc,0.0
SPY,long,2020-02-21,2020-02-28,333.45,296.24,89,-3311.6899999999982,-0.11159094316989047,BEAR,1.0,regime_alloc,0.0
SPY,long,2020-02-28,2020-03-16,296.24,241.065,194,-10703.950000000003,-0.1862510126924116,BEAR,1.0,regime_alloc,0.0
SPY,long,2020-03-16,2020-04-14,241.065,283.8,105,4487.175000000001,0.1772758384668036,BULL,1.0,regime_alloc,0.0
SPY,long,2020-04-14,2020-04-15,283.8,277.75,300,-1815.0000000000034,-0.021317829457364382,BULL,1.0,regime_alloc,0.0
SPY,long,2020-04-15,2020-04-17,277.75,286.54,189,1661.3100000000038,0.03164716471647172,BULL,1.0,regime_alloc,0.0
SPY,long,2020-04-17,2020-04-21,286.54,273.17,296,-3957.5200000000013,-0.04666015216025687,BULL,1.0,regime_alloc,0.0
SPY,long,2020-04-21,2020-04-24,273.17,282.89,187,1817.6399999999944,0.03558223816670927,BULL,1.0,regime_alloc,0.0
SPY,long,2020-04-24,2020-05-13,282.89,281.49,293,-410.19999999999334,-0.00494892007494071,BULL,0.9999999999636202,regime_alloc,0.0
SPY,long,2020-05-13,2020-05-14,281.49,285.04,185,656.750000000002,0.012611460442644537,BULL,0.999999999992724,regime_alloc,0.0
SPY,long,2020-05-14,2020-06-11,285.04,300.69,291,4554.149999999993,0.05490457479651971,BULL,0.9026629773637633,regime_alloc,0.0
SPY,long,2020-06-11,2020-06-15,300.69,307.11,363,2330.460000000006,0.02135089294622374,NEUTRAL,0.9300438626114483,regime_alloc,0.0
SPY,long,2020-06-15,2020-07-17,307.11,321.7,292,4260.2799999999925,0.047507407769203126,BULL,1.0,regime_alloc,0.0
SPY,long,2020-07-17,2020-08-21,321.7,339.45,364,6461.0,0.05517562946844887,EUPHORIA,0.999999999992724,regime_alloc,0.0
SPY,long,2020-08-21,2020-09-18,339.45,330.77,294,-2551.920000000002,-0.02557077625570778,BULL,1.0,regime_alloc,0.0
SPY,long,2020-09-18,2020-09-28,330.77,334.25,186,647.2800000000034,0.010520905765335485,BEAR,1.0,regime_alloc,0.0
SPY,long,2020-09-28,2020-10-12,334.25,352.36,293,5306.230000000004,0.05418100224382951,BEAR,0.9796555362804388,regime_alloc,0.0
SPY,long,2020-10-12,2020-10-15,352.36,347.54,366,-1764.1199999999976,-0.013679191735724808,EUPHORIA,0.5063467190151671,regime_alloc,0.0
SPY,long,2020-10-15,2020-10-16,347.54,347.32,146,-32.120000000003984,-0.000633020659492511,EUPHORIA,0.8133465531757127,regime_alloc,0.0
SPY,long,2020-10-16,2020-10-19,347.32,342.13,292,-1515.4799999999993,-0.014942992053437744,BEAR,0.6774297400862295,regime_alloc,0.0
SPY,long,2020-10-19,2020-10-20,342.13,343.3,365,427.0500000000058,0.0034197527255721977,EUPHORIA,0.8521626962797494,regime_alloc,0.0
SPY,long,2020-10-20,2020-10-28,343.3,326.7,146,-2423.600000000003,-0.04835420914651914,BEAR,0.9999999999990905,regime_alloc,0.0
SPY,long,2020-10-28,2020-11-04,326.7,343.66,94,1594.2400000000034,0.05191307009488839,BEAR,1.0,regime_alloc,0.0
SPY,long,2020-11-04,2020-11-13,343.66,358.1,144,2079.3599999999997,0.0420182738753419,BEAR,0.9214575318657127,regime_alloc,0.0
SPY,long,2020-11-13,2020-11-16,358.1,362.58,283,1267.839999999989,0.012510471935213518,BEAR,0.9999999567862696,regime_alloc,0.0
SPY,long,2020-11-16,2020-12-04,362.58,369.78,354,2548.799999999996,0.019857686579513457,EUPHORIA,0.9882841605728653,regime_alloc,0.0
SPY,long,2020-12-04,2021-01-15,369.78,375.67,284,1672.7600000000123,0.01592838985342648,BEAR,0.9999977793019854,regime_alloc,0.0
SPY,long,2021-01-15,2021-03-31,375.67,396.33,355,7334.299999999988,0.05499507546516881,BEAR,1.0,regime_alloc,0.0
SPY,long,2021-03-31,2021-04-30,396.33,417.3,143,2998.7100000000037,0.05291045341003716,BEAR,1.0,regime_alloc,0.0
SPY,long,2021-04-30,2021-07-19,417.3,424.97,349,2676.8300000000054,0.018380062305295986,BEAR,1.0,regime_alloc,0.0
SPY,long,2021-07-19,2021-09-17,424.97,441.4,280,4600.399999999986,0.03866155258018201,BULL,1.0,regime_alloc,0.0
SPY,long,2021-09-17,2021-09-23,441.4,443.18,176,313.2800000000052,0.004032623470774875,BULL,1.0,regime_alloc,0.0
SPY,long,2021-09-23,2021-09-28,443.18,433.72,279,-2639.3399999999942,-0.021345728597860866,BULL,1.0,regime_alloc,0.0
SPY,long,2021-09-28,2021-10-01,433.72,434.24,176,91.5199999999968,0.0011989301853730099,CRASH,1.0,regime_alloc,0.0
SPY,long,2021-10-01,2021-10-14,434.24,442.5,88,726.8799999999992,0.01902173913043476,BULL,1.0,regime_alloc,0.0
SPY,long,2021-10-14,2021-10-15,442.5,445.87,138,465.0600000000006,0.0076158192090395585,BULL,1.0,regime_alloc,0.0
SPY,long,2021-10-15,2021-10-28,445.87,458.32,274,3411.299999999997,0.02792293717899834,BULL,1.0,regime_alloc,0.0
SPY,long,2021-10-28,2021-12-01,458.32,450.5,343,-2682.2599999999975,-0.01706231454005933,BEAR,1.0,regime_alloc,0.0
SPY,long,2021-12-01,2021-12-02,450.5,457.4,172,1186.799999999996,0.015316315205327363,BULL,1.0,regime_alloc,0.0
SPY,long,2021-12-02,2021-12-03,457.4,453.42,271,-1078.5799999999895,-0.008701355487538176,BULL,1.0,regime_alloc,0.0
SPY,long,2021-12-03,2021-12-06,453.42,458.79,171,918.2700000000008,0.011843324070398314,BULL,1.0,regime_alloc,0.0
SPY,long,2021-12-06,2021-12-20,458.79,454.98,270,-1028.7000000000007,-0.008304453017720531,BULL,1.0,regime_alloc,0.0
SPY,long,2021-12-20,2021-12-21,454.98,463.06,171,1381.6799999999973,0.01775902237460984,BULL,1.0,regime_alloc,0.0
SPY,long,2021-12-21,2022-01-13,463.06,464.53,269,395.42999999999205,0.003174534617544099,BULL,1.0,regime_alloc,0.0
SPY,long,2022-01-13,2022-03-18,464.53,444.52,169,-3381.6899999999987,-0.04307579704217165,BULL,0.999999694395275,regime_alloc,0.0
SPY,long,2022-03-18,2022-03-25,444.52,452.69,342,2794.1400000000053,0.01837937550616399,BULL,0.9930354069897771,regime_alloc,0.0
SPY,long,2022-03-25,2022-03-28,452.69,455.84,274,863.0999999999938,0.006958404205968715,NEUTRAL,0.8647012124645209,regime_alloc,0.0
SPY,long,2022-03-28,2022-03-31,455.84,451.64,343,-1440.599999999996,-0.00921375921375919,BULL,0.9999999998181011,regime_alloc,0.0
SPY,long,2022-03-31,2022-04-11,451.64,439.92,137,-1605.639999999996,-0.025949871579133758,NEUTRAL,1.0,regime_alloc,0.0
SPY,long,2022-04-11,2022-04-28,439.92,427.81,87,-1053.570000000001,-0.027527732314966386,NEUTRAL,1.0,regime_alloc,0.0
SPY,long,2022-04-28,2022-07-20,427.81,394.77,179,-5914.1600000000035,-0.0772305462705407,BEAR,1.0,regime_alloc,0.0
SPY,long,2022-07-20,2022-07-25,394.77,395.57,293,234.40000000000333,0.002026496440965654,BULL,0.9999926299041016,regime_alloc,0.0
SPY,long,2022-07-25,2022-07-28,395.57,406.04,366,3832.02000000001,0.026468134590590862,BEAR,1.0,regime_alloc,0.0
SPY,long,2022-07-28,2022-08-24,406.04,413.67,294,2243.2199999999984,0.0187912520933898,BULL,0.9999838023797902,regime_alloc,0.0
SPY,long,2022-08-24,2022-09-09,413.67,406.6,185,-1307.9499999999987,-0.017090917881403035,CRASH,1.0,regime_alloc,0.0
SPY,long,2022-09-09,2022-09-13,406.6,393.1,296,-3996.0,-0.03320216428922774,EUPHORIA,1.0,regime_alloc,0.0
SPY,long,2022-09-13,2022-10-14,393.1,357.63,187,-6632.890000000005,-0.09023149325871287,EUPHORIA,0.999999996914994,regime_alloc,0.0
SPY,long,2022-10-14,2022-10-25,357.63,384.92,97,2647.130000000002,0.07630791600257254,EUPHORIA,0.9999999179126495,regime_alloc,0.0
SPY,long,2022-10-25,2022-11-02,384.92,374.87,146,-1467.3000000000015,-0.026109321417437416,BEAR,0.9896307112544962,regime_alloc,0.0
SPY,long,2022-11-02,2022-11-08,374.87,382.0,93,663.0899999999996,0.01901992690799476,EUPHORIA,1.0,regime_alloc,0.0
SPY,long,2022-11-08,2022-11-09,382.0,374.13,146,-1149.0200000000007,-0.02060209424083771,EUPHORIA,1.0,regime_alloc,0.0
SPY,long,2022-11-09,2022-11-10,374.13,394.69,93,1912.0800000000002,0.054954160318605845,EUPHORIA,1.0,regime_alloc,0.0
SPY,long,2022-11-10,2022-11-14,394.69,395.12,142,61.06000000000097,0.0010894626162304766,EUPHORIA,1.0,regime_alloc,0.0
SPY,long,2022-11-14,2022-12-15,395.12,389.63,285,-1564.6500000000026,-0.013894513059323772,EUPHORIA,1.0,regime_alloc,0.0
SPY,long,2022-12-15,2023-01-06,389.63,388.08,180,-279.00000000000205,-0.003978133100633964,EUPHORIA,1.0,regime_alloc,0.0
SPY,long,2023-01-06,2023-01-18,388.08,391.49,286,975.2600000000072,0.008786848072562423,EUPHORIA,0.9741323927165165,regime_alloc,0.0
SPY,long,2023-01-18,2023-01-20,391.49,395.88,357,1567.229999999995,0.011213568673529302,BEAR,0.9992280633346997,regime_alloc,0.0
SPY,long,2023-01-20,2023-01-25,395.88,400.35,286,1278.4200000000078,0.011291300394058875,BULL,0.5254243611187259,regime_alloc,0.0
SPY,long,2023-01-25,2023-01-26,400.35,404.75,143,629.1999999999967,0.010990383414512245,BEAR,0.994991985421177,regime_alloc,0.0
SPY,long,2023-01-26,2023-02-21,404.75,399.09,285,-1613.1000000000072,-0.01398394070413842,BULL,0.9954234303464651,regime_alloc,0.0
SPY,long,2023-02-21,2023-02-23,399.09,400.66,180,282.600000000009,0.003933949735648726,BULL,0.9999999366118593,regime_alloc,0.0
SPY,long,2023-02-23,2023-02-24,400.66,396.38,284,-1215.5200000000084,-0.010682374082763514,BULL,0.9160085171667023,regime_alloc,0.0
SPY,long,2023-02-24,2023-03-28,396.38,395.6,179,-139.61999999999512,-0.001967808668449399,NEUTRAL,1.0,regime_alloc,0.0
SPY,long,2023-03-28,2023-03-30,395.6,403.7,356,2883.5999999999876,0.020475227502527716,BEAR,0.9931010824801585,regime_alloc,0.0
SPY,long,2023-03-30,2023-04-10,403.7,409.61,180,1063.8000000000045,0.014639583849393175,NEUTRAL,0.9999482515561273,regime_alloc,0.0
SPY,long,2023-04-10,2023-04-25,409.61,406.08,284,-1002.5200000000084,-0.008617953663240715,BULL,0.9999999997307896,regime_alloc,0.0
SPY,long,2023-04-25,2023-05-26,406.08,420.02,179,2495.2599999999998,0.03432821118991332,NEUTRAL,0.997321074752385,regime_alloc,0.0
SPY,long,2023-05-26,2023-06-02,420.02,427.92,351,2772.900000000012,0.018808628160563865,BEAR,1.0,regime_alloc,0.0
SPY,long,2023-06-02,2023-07-06,427.92,439.66,281,3298.9400000000023,0.027435034585903927,BULL,0.9997401369935445,regime_alloc,0.0
SPY,long,2023-07-06,2023-07-12,439.66,446.02,177,1125.7199999999923,0.014465723513624063,NEUTRAL,0.9959446564991076,regime_alloc,0.0
SPY,long,2023-07-12,2023-07-20,446.02,452.18,279,1718.640000000007,0.0138110398636833,BULL,1.0,regime_alloc,0.0
SPY,long,2023-07-20,2023-08-04,452.18,446.81,349,-1874.1300000000015,-0.011875801671900579,BULL,0.9566453732047543,regime_alloc,0.0
SPY,long,2023-08-04,2023-08-16,446.81,439.64,279,-2000.4300000000044,-0.016047089366845003,BEAR,1.0,regime_alloc,0.0
SPY,long,2023-08-16,2023-08-23,439.64,443.03,176,596.6399999999976,0.007710854335365268,BEAR,1.0,regime_alloc,0.0
SPY,long,2023-08-23,2023-08-24,443.03,436.89,278,-1706.9199999999962,-0.013859106606776035,BEAR,1.0,regime_alloc,0.0
SPY,long,2023-08-24,2023-08-28,436.89,442.76,175,1027.250000000001,0.013435876307537379,BEAR,1.0,regime_alloc,0.0
SPY,long,2023-08-28,2023-09-15,442.76,443.37,277,168.97000000000378,0.0013777215647303588,BEAR,1.0,regime_alloc,0.0
SPY,long,2023-11-02,2023-11-06,430.76,435.69,140,690.200000000001,0.011444888104745117,EUPHORIA,1.0,regime_alloc,0.0
SPY,long,2023-11-06,2023-12-27,435.69,476.51,278,11347.959999999997,0.09369046799329797,EUPHORIA,0.9999992368687528,regime_alloc,0.0
SPY,long,2023-12-27,2024-01-02,476.51,472.65,346,-1335.5600000000047,-0.0081005645212063,BULL,0.7184403484316242,regime_alloc,0.0
SPY,long,2024-01-02,2024-01-19,472.65,482.43,276,2699.280000000008,0.020691843859092413,BEAR,0.9999999691499402,regime_alloc,0.0
SPY,long,2024-01-19,2024-01-31,482.43,482.88,345,155.24999999999608,0.0009327778123250806,BULL,0.999999896041123,regime_alloc,0.0
SPY,long,2024-01-31,2024-02-01,482.88,489.2,276,1744.3199999999981,0.013088137839628878,BEAR,0.9999999999854481,regime_alloc,0.0
SPY,long,2024-02-01,2024-02-21,489.2,497.21,345,2763.449999999997,0.01637367130008175,BULL,0.9974003456780802,regime_alloc,0.0
SPY,long,2024-02-21,2024-03-22,497.21,521.21,138,3312.0000000000077,0.04826934293356943,BULL,0.9999995869439715,regime_alloc,0.0
SPY,long,2024-03-22,2024-03-28,521.21,523.07,338,628.6800000000046,0.003568619174612946,NEUTRAL,0.907773756058889,regime_alloc,0.0
SPY,long,2024-03-28,2024-04-03,523.07,519.41,270,-988.2000000000221,-0.006997151432886767,BEAR,0.99980014073137,regime_alloc,0.0
SPY,long,2024-04-15,2024-04-26,504.45,508.26,173,659.1300000000003,0.00755278025572406,BEAR,1.0,regime_alloc,0.0
SPY,long,2024-04-26,2024-04-30,508.26,501.98,274,-1720.7199999999925,-0.012355880848384631,BEAR,1.0,regime_alloc,0.0
SPY,long,2024-04-30,2024-05-03,501.98,511.29,173,1610.6300000000003,0.01854655563966692,BEAR,1.0,regime_alloc,0.0
SPY,long,2024-05-03,2024-05-15,511.29,529.78,272,5029.279999999987,0.03616342975610701,BEAR,1.0,regime_alloc,0.0
SPY,long,2024-05-15,2024-05-23,529.78,525.96,340,-1298.7999999999784,-0.007210540224243906,NEUTRAL,0.9999999999854481,regime_alloc,0.0
SPY,long,2024-05-23,2024-05-29,525.96,526.1,271,37.9399999999963,0.00026617993763781723,BEAR,0.9995653533121477,regime_alloc,0.0
SPY,long,2024-05-29,2024-05-30,526.1,522.61,339,-1183.110000000003,-0.00663371982512832,NEUTRAL,1.0,regime_alloc,0.0
SPY,long,2024-05-30,2024-06-12,522.61,541.36,135,2531.25,0.03587761428216069,BEAR,1.0,regime_alloc,0.0
SPY,long,2024-06-12,2024-06-18,541.36,548.49,266,1896.5799999999988,0.013170533471257564,BEAR,0.9999999228311965,regime_alloc,0.0
SPY,long,2024-06-18,2024-06-27,548.49,546.37,133,-281.9600000000006,-0.0038651570675855614,NEUTRAL,1.0,regime_alloc,0.0
SPY,long,2024-06-27,2024-07-01,546.37,545.34,333,-342.9899999999909,-0.001885169390705882,NEUTRAL,0.9999999317951757,regime_alloc,0.0
SPY,long,2024-07-01,2024-07-17,545.34,556.94,133,1542.800000000003,0.0212711336047237,BULL,0.9999999314604816,regime_alloc,0.0
SPY,long,2024-07-17,2024-07-18,556.94,552.66,329,-1408.1200000000285,-0.0076848493554064826,BULL,0.9979467474615964,regime_alloc,0.0
SPY,long,2024-07-18,2024-07-24,552.66,541.23,263,-3006.089999999987,-0.02068179350776237,BEAR,0.9999999984866008,regime_alloc,0.0
SPY,long,2024-07-24,2024-08-26,541.23,560.79,166,3246.959999999991,0.03613990355301802,CRASH,0.5274041324608026,regime_alloc,0.0
SPY,long,2024-08-26,2024-08-27,560.79,561.56,82,63.13999999999851,0.0013730630004101033,CRASH,1.0,regime_alloc,0.0
SPY,long,2024-08-27,2024-08-28,561.56,558.3,324,-1056.239999999997,-0.005805256784671258,EUPHORIA,0.9999509250156279,regime_alloc,0.0
SPY,long,2024-08-28,2024-10-03,558.3,567.82,163,1551.7600000000157,0.017051764284435066,CRASH,0.9999999384017447,regime_alloc,0.0
SPY,long,2024-10-03,2024-10-31,567.82,568.64,257,210.73999999998364,0.001444119615370956,BULL,1.0,regime_alloc,0.0
SPY,long,2024-10-31,2024-11-01,568.64,571.04,162,388.7999999999963,0.004220596510973511,BULL,1.0,regime_alloc,0.0
SPY,long,2024-11-01,2024-12-18,571.04,586.28,257,3916.680000000002,0.02668814794059962,BULL,0.9999951978940567,regime_alloc,0.0
SPY,long,2024-12-18,2024-12-24,586.28,601.3,162,2433.239999999997,0.025619158081462753,CRASH,0.9999972187981734,regime_alloc,0.0
SPY,long,2024-12-24,2024-12-26,601.3,601.34,254,10.160000000019636,6.652253450869335e-05,BULL,0.9998658695726824,regime_alloc,0.0
SPY,long,2024-12-26,2025-01-17,601.34,597.58,160,-601.5999999999985,-0.00625270229820067,CRASH,0.9983674027512464,regime_alloc,0.0
SPY,long,2025-01-17,2025-01-21,597.58,603.05,318,1739.4599999999725,0.009153586130727122,EUPHORIA,0.999864795509513,regime_alloc,0.0
SPY,long,2025-01-21,2025-01-22,603.05,606.44,127,430.5300000000127,0.005621424425835504,BULL,1.0,regime_alloc,0.0
SPY,long,2025-01-22,2025-02-18,606.44,611.49,318,1605.8999999999855,0.008327287118263891,EUPHORIA,0.9996932406641585,regime_alloc,0.0
SPY,long,2025-02-18,2025-02-24,611.49,597.21,254,-3627.119999999993,-0.023352793994995787,BULL,1.0,regime_alloc,0.0
SPY,long,2025-02-24,2025-05-01,597.21,558.47,161,-6237.140000000001,-0.064868304281576,BEAR,0.9999670080054847,regime_alloc,0.0
SPY,long,2025-05-01,2025-05-02,558.47,566.76,262,2171.9799999999905,0.014844127706053974,BEAR,1.0,regime_alloc,0.0
SPY,long,2025-05-02,2025-05-29,566.76,590.05,327,7615.829999999988,0.04109323170301356,EUPHORIA,0.9260641382508213,regime_alloc,0.0
SPY,long,2025-05-29,2025-05-30,590.05,589.39,264,-174.2399999999916,-0.0011185492754850746,BULL,0.6913017719942174,regime_alloc,0.0
SPY,long,2025-05-30,2025-06-03,589.39,596.09,330,2211.000000000015,0.01136768523388596,EUPHORIA,0.8863396175226791,regime_alloc,0.0
SPY,long,2025-06-03,2025-06-10,596.09,603.08,264,1845.3600000000024,0.011726417151772398,BULL,0.9932851601654947,regime_alloc,0.0
SPY,long,2025-06-10,2025-06-27,603.08,614.91,132,1561.5599999999904,0.01961597134708484,EUPHORIA,1.0,regime_alloc,0.0
SPY,long,2025-06-27,2025-07-24,614.91,634.42,261,5092.109999999998,0.03172822038997576,BULL,1.0,regime_alloc,0.0
SPY,long,2025-07-24,2025-08-01,634.42,621.72,326,-4140.199999999978,-0.020018284417262906,BULL,0.9999999996362021,regime_alloc,0.0
SPY,long,2025-08-01,2025-09-19,621.72,663.7,260,10914.800000000005,0.06752235733127455,BEAR,0.9966873859201956,regime_alloc,0.0
SPY,long,2025-09-19,2025-09-23,663.7,663.21,324,-158.76000000000295,-0.0007382853698960511,BULL,0.9919242038121722,regime_alloc,0.0
SPY,long,2025-09-23,2025-11-17,663.21,665.67,259,637.13999999998,0.003709232369837491,BEAR,1.0,regime_alloc,0.0
SPY,long,2025-11-17,2025-11-24,665.67,668.73,163,498.78000000000964,0.004596872324124655,BEAR,1.0,regime_alloc,0.0
SPY,long,2025-11-24,2025-12-17,668.73,671.4,259,691.5299999999894,0.003992642770624854,BEAR,1.0,regime_alloc,0.0
SPY,long,2025-12-17,2025-12-18,671.4,676.47,163,826.4100000000082,0.007551385165326259,BEAR,1.0,regime_alloc,0.0
SPY,long,2025-12-18,2026-01-13,676.47,693.77,258,4463.399999999989,0.025573935281682787,BEAR,0.7442682002951031,regime_alloc,0.0
SPY,long,2026-01-13,2026-01-14,693.77,690.36,322,-1098.0199999999897,-0.004915173616616412,BULL,0.5730103428406174,regime_alloc,0.0
SPY,long,2026-01-14,2026-01-20,690.36,677.58,257,-3284.4599999999928,-0.01851208065357201,BEAR,0.9986083373829376,regime_alloc,0.0
SPY,long,2026-01-20,2026-01-21,677.58,685.4,162,1266.8399999999897,0.01154107264086888,BEAR,0.9999999757565096,regime_alloc,0.0
SPY,long,2026-01-21,2026-02-02,685.4,695.41,256,2562.5599999999977,0.014604610446454612,BEAR,1.0,regime_alloc,0.0
SPY,long,2026-02-02,2026-02-09,695.41,693.95,161,-235.05999999998755,-0.0020994808817818593,CRASH,1.0,regime_alloc,0.0
SPY,long,2026-02-09,2026-02-12,693.95,681.27,256,-3246.0800000000163,-0.018272209813387223,EUPHORIA,1.0,regime_alloc,0.0
SPY,long,2026-02-12,2026-02-18,681.27,686.29,162,813.239999999997,0.00736859101384177,EUPHORIA,1.0,regime_alloc,0.0
SPY,long,2026-02-18,2026-02-19,686.29,684.48,256,-463.35999999998603,-0.0026373690422415385,BEAR,1.0,regime_alloc,0.0
SPY,long,2026-02-19,2026-02-20,684.48,689.43,161,796.949999999989,0.007231767180925566,BEAR,1.0,regime_alloc,0.0
SPY,long,2026-02-20,2026-02-23,689.43,682.39,255,-1795.1999999999907,-0.010211334000551128,BEAR,1.0,regime_alloc,0.0
SPY,long,2026-02-23,2026-03-02,682.39,686.38,80,319.2000000000007,0.005847096235290683,CRASH,1.0,regime_alloc,0.0
SPY,long,2026-03-02,2026-04-13,686.38,686.1,160,-44.799999999995634,-0.0004079372942101645,CRASH,1.0,regime_alloc,0.0
SPY,long,2026-04-13,2026-04-23,686.1,708.45,254,5676.900000000006,0.03257542632269352,EUPHORIA,0.9999994636165486,regime_alloc,0.0
SPY,long,2026-04-23,2026-04-23,708.45,708.45,127,0.0,0.0,BEAR,0.9999994636165486,regime_alloc,0.0
