timestamp,open,high,low,close,volume
2018-01-02,267.84,268.81,267.4,268.77,87974830.0
2018-01-03,268.96,270.64,268.96,270.47,92414326.0
2018-01-04,271.2,272.16,270.5447,271.57,85277552.0
2018-01-05,272.51,273.56,271.95,273.4,88073906.0
2018-01-08,273.31,274.1,272.98,273.91,64945938.0
2018-01-09,274.4,275.25,274.081,274.53,58485720.0
2018-01-10,273.68,274.42,272.92,274.08,70699507.0
2018-01-11,274.75,276.12,274.56,276.09,64026406.0
2018-01-12,276.42,278.11,276.0819,277.94,92919614.0
2018-01-16,279.35,280.09,276.18,277.06,110515722.0
2018-01-17,278.03,280.05,276.97,279.61,116747453.0
2018-01-18,279.48,279.96,278.58,279.18,105410481.0
2018-01-19,279.8,280.41,279.14,280.39,143550675.0
2018-01-22,280.17,282.69,280.11,282.67,102545061.0
2018-01-23,282.74,283.62,282.37,283.24,99464685.0
2018-01-24,284.02,284.7,281.84,283.12,136833465.0
2018-01-25,284.16,284.27,282.405,283.3,85877429.0
2018-01-26,284.25,286.6285,283.96,286.56,111355443.0
2018-01-29,285.93,286.43,284.5,284.64,92693728.0
2018-01-30,282.6,284.736,281.22,281.63,134420733.0
2018-01-31,282.73,283.3,280.68,281.91,121930951.0
2018-02-01,281.07,283.06,280.68,281.68,90994293.0
2018-02-02,280.08,280.23,275.41,275.51,178406624.0
2018-02-05,273.45,275.85,263.31,264.11,304474048.0
2018-02-06,259.94,269.7,258.7,269.06,357564910.0
2018-02-07,268.5,272.36,267.58,267.67,169549624.0
2018-02-08,268.01,268.17,257.59,257.77,252221121.0
2018-02-09,260.8,263.61,252.92,261.74,286122968.0
2018-02-12,263.83,267.01,261.6644,265.32,146941527.0
2018-02-13,263.97,266.62,263.31,266.05,82434058.0
2018-02-14,264.31,270.0,264.3,269.67,123355652.0
2018-02-15,271.57,273.04,268.77,272.93,112606261.0
2018-02-16,272.32,275.32,272.27,273.16,163292191.0
2018-02-20,272.03,273.67,270.5,271.44,91166253.0
2018-02-21,271.9,274.72,269.94,269.97,100293719.0
2018-02-22,271.1,273.05,269.64,270.26,122557536.0
2018-02-23,271.79,274.71,271.25,274.65,96252415.0
2018-02-26,275.93,278.01,275.26,277.91,88758833.0
2018-02-27,278.11,278.92,274.36,274.38,102930024.0
2018-02-28,275.68,276.19,271.29,271.41,129776260.0
2018-03-01,271.41,273.17,266.0,267.72,179183801.0
2018-03-02,265.8,269.72,264.82,269.08,141448051.0
2018-03-05,267.73,272.89,267.61,272.12,99078649.0
2018-03-06,273.3,273.39,271.18,272.83,79922993.0
2018-03-07,270.42,273.18,270.2,272.83,88202658.0
2018-03-08,273.55,274.24,272.42,274.03,69768764.0
2018-03-09,275.7,278.87,275.34,278.76,117331321.0
2018-03-12,279.2,279.91,278.0801,278.54,73175656.0
2018-03-13,279.84,280.41,276.03,276.72,93427280.0
2018-03-14,277.81,278.02,274.67,275.25,107710053.0
2018-03-15,275.88,276.61,274.43,275.03,88837397.0
2018-03-16,274.5,275.39,274.14,274.22,101412188.0
2018-03-19,273.35,274.3957,268.62,270.61,111075802.0
2018-03-20,270.94,271.67,270.18,270.93,60829259.0
2018-03-21,270.9,273.27,270.19,270.4,79541919.0
2018-03-22,267.91,268.87,263.36,263.71,152401570.0
2018-03-23,264.17,265.02,257.83,258.015,186705769.0
2018-03-26,262.13,265.43,259.41,265.14,144878172.0
2018-03-27,266.17,266.77,258.84,260.76,134090487.0
2018-03-28,260.75,262.64,258.58,259.85,151934925.0
2018-03-29,261.12,265.26,259.8389,263.43,128072137.0
2018-04-02,262.55,263.13,254.67,257.52,188325321.0
2018-04-03,258.87,261.31,256.84,260.73,121245396.0
2018-04-04,256.75,264.355,256.6,263.78,126742991.0
2018-04-05,265.54,266.64,264.32,265.59,84309507.0
2018-04-06,263.42,265.11,258.0,259.7,182854619.0
2018-04-09,261.37,264.84,259.9356,260.83,113639051.0
2018-04-10,264.27,266.04,262.98,265.09,107159335.0
2018-04-11,263.47,265.64,263.39,263.71,92820659.0
2018-04-12,265.26,267.0,265.06,265.9003,70635606.0
2018-04-13,267.41,267.54,264.01,265.11,86860777.0
2018-04-16,267.0,268.2,266.07,267.37,64594574.0
2018-04-17,269.33,270.87,268.75,270.13,66215072.0
2018-04-18,270.69,271.3,269.87,270.37,57919664.0
2018-04-19,269.65,269.88,267.72,268.87,79527976.0
2018-04-20,268.81,269.06,265.61,266.66,101358707.0
2018-04-23,267.26,267.89,265.35,266.57,67468135.0
2018-04-24,267.73,267.9762,261.28,263.04,114962314.0
2018-04-25,262.91,264.13,260.85,263.63,105412286.0
2018-04-26,264.79,267.2452,264.29,266.24,68959182.0
2018-04-27,267.0,267.34,265.5,266.58,58099215.0
2018-04-30,267.26,267.89,264.43,264.53,84864978.0
2018-05-01,263.9,265.1,262.11,264.96,77000433.0
2018-05-02,264.76,265.68,262.76,263.17,87960465.0
2018-05-03,262.26,263.36,259.05,262.59,138114268.0
2018-05-04,261.52,266.7892,261.15,265.92,92744409.0
2018-05-07,266.89,268.02,266.11,266.92,56246159.0
2018-05-08,266.5,267.325,265.15,266.89,68490026.0
2018-05-09,267.68,269.865,267.09,269.47,60946478.0
2018-05-10,270.34,272.39,270.22,272.0,73496270.0
2018-05-11,272.16,273.15,271.58,272.64,64249519.0
2018-05-14,273.34,274.08,272.36,272.95,57758926.0
2018-05-15,271.59,271.61,270.03,271.03,91104778.0
2018-05-16,271.14,272.76,271.11,272.15,55278260.0
2018-05-17,271.94,273.23,271.13,272.01,57619100.0
2018-05-18,271.62,272.03,270.93,271.34,65582406.0
2018-05-21,273.01,273.98,271.3512,273.36,60494019.0
2018-05-22,273.96,274.25,272.24,272.58,54584049.0
2018-05-23,271.17,273.39,270.99,273.37,65652020.0
2018-05-24,272.91,273.22,270.78,272.84,77138128.0
2018-05-25,272.15,272.86,271.58,272.21,58118644.0
2018-05-29,270.31,271.17,267.76,269.12,119430992.0
2018-05-30,270.5,273.11,270.42,272.59,71476485.0
2018-05-31,272.15,272.49,270.255,270.81,97047084.0
2018-06-01,272.41,273.94,272.33,273.61,73684806.0
2018-06-04,274.53,275.185,274.26,274.89,46900396.0
2018-06-05,275.05,275.53,274.18,275.19,54148265.0
2018-06-06,275.79,277.52,275.09,277.43,65048897.0
2018-06-07,277.95,278.28,276.34,277.37,74154313.0
2018-06-08,276.85,278.25,276.66,278.22,73082607.0
2018-06-11,278.44,279.37,278.31,278.58,59668405.0
2018-06-12,279.03,279.33,278.19,278.97,74511683.0
2018-06-13,279.19,279.48,277.8,278.01,80383239.0
2018-06-14,279.01,279.33,278.0599,278.68,80080701.0
2018-06-15,276.6,277.51,275.35,277.03,121150047.0
2018-06-18,275.49,276.7,274.95,276.59,53795470.0
2018-06-19,274.0,275.75,273.53,275.48,99299985.0
2018-06-20,276.27,276.72,275.59,276.01,55038477.0
2018-06-21,275.96,275.98,273.68,274.24,72830642.0
2018-06-22,275.66,275.785,274.49,274.76,58141958.0
2018-06-25,273.44,273.6162,269.1,271.07,140736625.0
2018-06-26,271.64,272.56,270.79,271.58,71010510.0
2018-06-27,272.26,273.865,269.18,269.8,107076264.0
2018-06-28,269.29,271.75,268.49,270.91,78226226.0
2018-06-29,272.12,273.66,271.1495,271.34,100130479.0
2018-07-02,269.51,272.04,269.24,271.84,65158380.0
2018-07-03,272.87,272.98,270.42,270.88,44038959.0
2018-07-05,272.17,273.18,270.96,273.02,58320429.0
2018-07-06,273.14,275.84,272.715,275.36,67827660.0
2018-07-09,276.55,277.96,276.5,277.9,51878754.0
2018-07-10,278.41,279.01,278.08,278.81,53080928.0
2018-07-11,277.15,278.04,276.52,276.91,78467076.0
2018-07-12,278.28,279.43,277.6,279.29,62854200.0
2018-07-13,279.17,279.93,278.66,279.56,49301251.0
2018-07-16,279.64,279.803,278.84,279.39,50880262.0
2018-07-17,278.47,280.91,278.41,280.43,53362867.0
2018-07-18,280.56,281.18,280.06,281.06,45293969.0
2018-07-19,280.31,280.74,279.46,279.96,62297849.0
2018-07-20,279.77,280.48,279.5,279.72,83094078.0
2018-07-23,279.45,280.43,279.06,280.24,47606016.0
2018-07-24,281.73,282.56,280.63,281.55,68736774.0
2018-07-25,281.33,284.37,281.28,284.14,80239697.0
2018-07-26,283.2,284.11,283.09,283.3,59404205.0
2018-07-27,283.71,283.82,280.38,281.46,78755772.0
2018-07-30,281.51,281.69,279.36,279.9,65270286.0
2018-07-31,280.81,282.02,280.38,281.19,71284048.0
2018-08-01,281.56,282.13,280.1315,280.89,55357171.0
2018-08-02,279.39,282.58,279.16,282.39,65221869.0
2018-08-03,282.53,283.6577,282.33,283.62,54992919.0
2018-08-06,283.64,284.99,283.2015,284.66,40476791.0
2018-08-07,285.39,286.01,285.24,285.58,44340537.0
2018-08-08,285.39,285.91,284.94,285.44,43039504.0
2018-08-09,285.53,285.97,284.915,285.09,36423073.0
2018-08-10,283.45,284.055,282.36,283.16,77955013.0
2018-08-13,283.47,284.16,281.77,282.08,66977189.0
2018-08-14,282.92,284.17,282.4833,283.82,44779018.0
2018-08-15,282.38,282.54,280.16,281.75,104669550.0
2018-08-16,283.36,285.04,283.36,284.08,71100475.0
2018-08-17,283.83,285.5601,283.37,285.02,67003717.0
2018-08-20,285.57,285.97,285.06,285.68,41000517.0
2018-08-21,286.25,287.31,285.7135,286.27,68286269.0
2018-08-22,285.88,286.76,285.575,286.21,45508737.0
2018-08-23,285.97,286.94,285.43,285.79,49872622.0
2018-08-24,286.44,287.67,286.38,287.52,58162308.0
2018-08-27,288.86,289.9,288.68,289.73,58337139.0
2018-08-28,290.3,290.4175,289.4,289.8395,47809662.0
2018-08-29,290.16,291.74,289.8854,291.45,63047190.0
2018-08-30,290.94,291.36,289.63,290.32,62526061.0
2018-08-31,289.84,290.81,289.29,290.27,67955528.0
2018-09-04,289.84,290.21,288.68,289.84,58789013.0
2018-09-05,289.41,289.64,287.89,289.07,76145573.0
2018-09-06,289.15,289.49,287.0,288.16,67235277.0
2018-09-07,286.98,288.7,286.71,287.53,74818657.0
2018-09-10,288.74,289.04,287.88,288.09,51016851.0
2018-09-11,287.37,289.55,286.975,289.13,52375991.0
2018-09-12,289.06,289.8,288.23,289.18,60575938.0
2018-09-13,290.32,291.0384,289.995,290.8,52019121.0
2018-09-14,291.06,291.27,290.0,290.92,55917676.0
2018-09-17,290.82,290.86,289.03,289.4,69333285.0
2018-09-18,289.58,291.58,289.55,290.92,63932290.0
2018-09-19,290.97,291.69,290.825,291.25,50283683.0
2018-09-20,292.64,293.94,291.2363,293.53,103959169.0
2018-09-21,293.09,293.22,291.81,292.04,107157043.0
2018-09-24,291.34,291.5,290.37,291.08,54671313.0
2018-09-25,291.53,291.65,290.4833,290.7,46702181.0
2018-09-26,290.91,292.24,289.41,289.805,81461259.0
2018-09-27,290.41,291.91,290.1,290.68,60378141.0
2018-09-28,289.99,291.28,289.95,290.57,72381508.0
2018-10-01,292.11,292.93,290.98,291.7,63634059.0
2018-10-02,291.56,292.355,291.14,291.61,49096939.0
2018-10-03,292.74,293.21,291.32,291.76,66022129.0
2018-10-04,291.18,291.24,287.66,289.53,113147728.0
2018-10-05,289.69,290.27,286.22,287.81,108781268.0
2018-10-08,287.05,288.22,285.5,287.8,88771776.0
2018-10-09,287.39,288.86,286.77,287.48,75481888.0
2018-10-10,286.83,286.91,277.88,278.27,217049445.0
2018-10-11,277.08,278.9,270.36,272.54,277877162.0
2018-10-12,276.77,277.09,272.37,276.01,185257288.0
2018-10-15,275.55,277.04,274.3,274.49,104838973.0
2018-10-16,276.6,280.82,276.07,280.24,121028473.0
2018-10-17,280.44,281.15,277.56,280.42,111897958.0
2018-10-18,279.4,280.07,274.97,276.39,137804219.0
2018-10-19,277.13,279.3,275.47,276.1797,140662678.0
2018-10-22,277.0,277.36,274.41,275.03,83420677.0
2018-10-23,270.95,274.87,268.61,273.52,148031789.0
2018-10-24,273.33,273.76,264.7,265.21,180061325.0
2018-10-25,267.38,271.81,266.23,270.01,140353452.0
2018-10-26,265.92,271.0,262.29,265.22,203923040.0
2018-10-29,268.8,270.25,259.85,263.69,162968623.0
2018-10-30,263.67,268.12,263.12,267.88,159696059.0
2018-10-31,270.65,273.23,270.12,270.69,131674297.0
2018-11-01,271.6,273.73,270.38,273.37,101051621.0
2018-11-02,274.75,275.23,269.59,271.8,124249254.0
2018-11-05,272.44,274.01,271.35,273.47,69873066.0
2018-11-06,273.32,275.3,273.25,275.11,60827084.0
2018-11-07,277.56,281.1,277.08,281.0,104778528.0
2018-11-08,280.11,281.22,279.22,280.48,67444757.0
2018-11-09,279.03,279.24,276.18,277.82,101244637.0
2018-11-12,277.19,277.46,271.99,272.4795,101689304.0
2018-11-13,273.09,275.325,271.25,272.04,99239981.0
2018-11-14,274.16,274.61,268.45,270.15,128960318.0
2018-11-15,268.78,273.54,267.0102,273.01,136215785.0
2018-11-16,271.79,274.75,271.21,273.73,128968576.0
2018-11-19,273.05,273.38,268.07,269.12,104845636.0
2018-11-20,265.36,267.0,263.15,264.15,137953946.0
2018-11-21,265.86,267.15,265.01,265.03,77283500.0
2018-11-23,263.18,264.8234,263.07,263.32,44012132.0
2018-11-26,265.78,267.75,265.34,267.43,81413911.0
2018-11-27,266.34,268.4,265.66,268.29,79161825.0
2018-11-28,269.6,274.58,268.3272,274.36,129875459.0
2018-11-29,273.71,275.55,272.43,273.95,83664985.0
2018-11-30,273.81,276.28,273.45,275.685,100386880.0
2018-12-03,280.28,280.4,277.505,279.26,104690284.0
2018-12-04,278.37,278.85,269.9,270.39,182203555.0
2018-12-06,265.92,269.97,262.44,269.77,207107459.0
2018-12-07,269.46,271.22,262.63,263.66,163396256.0
2018-12-10,263.37,265.1613,258.62,264.07,153231653.0
2018-12-11,267.66,267.87,262.48,264.11,123751607.0
2018-12-12,267.47,269.0,265.37,265.53,99519604.0
2018-12-13,266.52,267.49,264.12,265.38,97977658.0
2018-12-14,262.96,264.03,259.85,260.57,118649525.0
2018-12-17,259.4,260.65,253.525,255.17,168348737.0
2018-12-18,257.2,257.95,253.28,255.11,135891775.0
2018-12-19,255.17,259.4,249.35,251.04,217325252.0
2018-12-20,249.86,251.62,244.65,247.11,254595504.0
2018-12-21,246.74,249.71,239.98,240.61,261701849.0
2018-12-24,239.04,240.8355,234.27,234.37,148557724.0
2018-12-26,235.97,246.18,233.76,245.9095,222380482.0
2018-12-27,242.57,248.29,238.96,248.21,190958804.0
2018-12-28,249.58,251.4,246.45,247.73,154974847.0
2018-12-31,249.56,250.19,247.47,250.08,147557713.0
2019-01-02,245.98,251.21,245.95,250.23,132165224.0
2019-01-03,248.23,248.57,243.67,244.15,146823673.0
2019-01-04,247.59,253.11,247.17,252.39,145055352.0
2019-01-07,252.69,255.95,251.69,254.29,105208591.0
2019-01-08,256.82,257.31,254.0,256.62,103624383.0
2019-01-09,257.56,258.91,256.19,257.92,96652953.0
2019-01-10,256.26,259.16,255.5,258.98,98370502.0
2019-01-11,257.68,259.0098,257.03,258.81,73870479.0
2019-01-14,256.86,258.3,256.41,257.35,71747098.0
2019-01-15,257.82,260.7,257.81,260.23,87140531.0
2019-01-16,260.83,261.9666,260.6,260.96,79910690.0
2019-01-17,260.01,263.92,259.96,263.0,97376854.0
2019-01-18,264.98,266.98,262.998,266.42,130617796.0
2019-01-22,264.82,265.06,261.06,262.94,117524932.0
2019-01-23,264.01,264.79,260.66,263.35,87913109.0
2019-01-24,263.21,264.2,262.08,263.6,61342224.0
2019-01-25,265.61,266.7,263.6595,265.78,98218282.0
2019-01-28,263.39,263.83,261.79,263.78,87421778.0
2019-01-29,263.92,264.55,262.48,263.52,67650406.0
2019-01-30,265.1,268.52,264.25,267.44,93982824.0
2019-01-31,267.51,270.47,267.27,269.81,107152582.0
2019-02-01,270.15,271.2,269.18,270.08,87113187.0
2019-02-04,270.11,272.03,269.36,272.01,63614067.0
2019-02-05,272.44,273.44,271.88,273.16,82298180.0
2019-02-06,272.79,273.34,271.92,272.83,61485829.0
2019-02-07,270.94,271.55,268.29,270.17,96611850.0
2019-02-08,268.75,270.58,267.83,270.54,76471005.0
2019-02-11,271.2,271.49,270.03,270.69,69530504.0
2019-02-12,272.42,274.52,272.34,274.06,73533121.0
2019-02-13,275.03,275.93,274.56,274.95,66896771.0
2019-02-14,273.78,275.64,272.87,274.46,84116124.0
2019-02-15,276.36,277.41,276.13,277.38,98445574.0
2019-02-19,276.4813,278.58,276.47,277.88,60016568.0
2019-02-20,277.81,278.92,277.25,278.43,77459348.0
2019-02-21,277.7,278.1,276.345,277.46,64937725.0
2019-02-22,278.11,279.36,277.4029,279.16,81379467.0
2019-02-25,280.73,281.31,279.43,279.59,70022314.0
2019-02-26,279.1,280.3,278.9,279.34,58160878.0
2019-02-27,278.52,279.59,277.48,279.18,58056699.0
2019-02-28,278.96,279.45,278.32,278.65,71882901.0
2019-03-01,280.44,280.88,278.82,280.41,80364273.0
2019-03-04,281.6,281.87,276.84,279.38,109422531.0
2019-03-05,279.54,279.76,278.41,279.06,61491071.0
2019-03-06,279.15,279.16,276.97,277.34,78461884.0
2019-03-07,276.83,276.99,274.07,275.13,96843080.0
2019-03-08,272.94,274.65,272.42,274.49,87028556.0
2019-03-11,275.26,278.62,275.23,278.48,66974717.0
2019-03-12,279.06,280.07,278.85,279.44,80874307.0
2019-03-13,280.48,282.38,280.3,281.33,82988832.0
2019-03-14,281.37,281.84,280.6662,281.2,69214751.0
2019-03-15,280.54,282.21,280.33,281.34,82741834.0
2019-03-18,281.55,282.66,281.3,282.42,63367903.0
2019-03-19,283.51,284.36,281.41,282.51,91812444.0
2019-03-20,282.16,283.5,280.32,281.5,86060887.0
2019-03-21,280.64,285.18,280.59,284.58,81184605.0
2019-03-22,283.22,283.8034,279.18,279.34,126176990.0
2019-03-25,278.87,280.1853,277.64,279.0,86567168.0
2019-03-26,280.99,282.18,279.56,281.04,69386210.0
2019-03-27,281.11,281.76,277.93,279.55,73396221.0
2019-03-28,280.35,281.21,279.07,280.71,57431828.0
2019-03-29,282.39,282.84,281.14,282.45,86158219.0
2019-04-01,284.7,286.16,284.4,285.74,80192089.0
2019-04-02,286.04,286.23,285.09,285.99,40808711.0
2019-04-03,287.32,287.76,285.75,286.45,69511484.0
2019-04-04,286.78,287.459,286.01,287.18,50144575.0
2019-04-05,287.92,288.63,287.6,288.52,59597762.0
2019-04-08,288.1,288.91,287.37,288.8,54576741.0
2019-04-09,287.72,288.08,286.7,287.33,67706578.0
2019-04-10,287.77,288.3899,287.31,288.29,53474655.0
2019-04-11,288.83,288.84,287.578,288.23,55858801.0
2019-04-12,290.0,290.47,288.261,290.13,70919665.0
2019-04-15,290.24,290.35,289.075,289.98,50455219.0
2019-04-16,290.95,291.01,289.5,290.1705,52818514.0
2019-04-17,291.4,291.425,288.99,289.47,59131849.0
2019-04-18,290.1,290.32,288.66,289.99,69601739.0
2019-04-22,289.17,290.435,289.07,290.3,41438319.0
2019-04-23,290.68,293.14,290.42,292.89,53717869.0
2019-04-24,292.79,293.16,292.07,292.21,51150196.0
2019-04-25,292.12,292.78,290.73,292.13,59111801.0
2019-04-26,292.1,293.49,291.2401,293.41,51864349.0
2019-04-29,293.51,294.45,293.41,293.78,58217271.0
2019-04-30,293.49,294.34,291.92,293.87,83418943.0
2019-05-01,294.72,294.95,291.8,291.82,72689383.0
2019-05-02,291.68,292.7,289.52,291.13,66830633.0
2019-05-03,292.82,294.34,291.2998,293.98,57828940.0
2019-05-06,289.25,293.31,288.9,292.83,117885315.0
2019-05-07,290.15,290.81,285.81,288.05,148103972.0
2019-05-08,287.53,289.43,286.87,287.73,93518272.0
2019-05-09,285.23,287.33,283.3,286.67,105484233.0
2019-05-10,285.62,288.94,282.3,288.03,113435772.0
2019-05-13,282.42,283.49,279.93,280.9905,130626738.0
2019-05-14,281.99,285.1,281.85,283.38,80127712.0
2019-05-15,281.59,285.77,281.36,285.15,75289562.0
2019-05-16,285.84,289.21,285.76,287.68,78222782.0
2019-05-17,285.14,288.6,285.1207,285.94,102052912.0
2019-05-20,284.06,285.962,283.12,283.96,64170379.0
2019-05-21,285.83,286.93,285.55,286.48,47820098.0
2019-05-22,285.45,286.69,285.1,285.62,50144366.0
2019-05-23,283.205,283.21,280.57,282.19,100251363.0
2019-05-24,283.74,284.2,282.09,282.95,56290096.0
2019-05-28,283.09,284.15,280.13,280.31,71181073.0
2019-05-29,278.91,279.36,276.71,278.26,106194018.0
2019-05-30,279.11,280.04,277.805,278.98,63619067.0
2019-05-31,276.2,277.12,275.24,275.37,88950271.0
2019-06-03,275.32,276.5521,273.09,274.61,97829990.0
2019-06-04,277.12,280.68,276.62,280.49,78655444.0
2019-06-05,282.33,282.99,280.32,282.87,72864182.0
2019-06-06,283.29,285.55,282.57,284.78,73406945.0
2019-06-07,285.93,288.85,285.74,287.58,75657962.0
2019-06-10,289.37,290.82,288.8734,288.9305,61774465.0
2019-06-11,290.99,291.4,288.1805,288.91,59466020.0
2019-06-12,288.64,289.26,287.815,288.3,48189729.0
2019-06-13,289.4,289.98,288.62,289.58,50062283.0
2019-06-14,289.26,289.93,288.41,289.23,53455035.0
2019-06-17,289.52,290.22,289.18,289.47,40412734.0
2019-06-18,291.39,293.57,290.99,292.32,87949170.0
2019-06-19,292.55,293.65,291.47,293.01,80843620.0
2019-06-20,296.04,296.3093,293.1255,295.88,118177314.0
2019-06-21,294.13,295.52,293.76,294.0,86831535.0
2019-06-24,294.23,294.58,293.47,293.66,48346062.0
2019-06-25,293.7,293.73,290.64,290.78,86145268.0
2019-06-26,291.75,292.31,290.345,290.51,54550945.0
2019-06-27,291.31,292.06,290.89,291.52,41184771.0
2019-06-28,292.58,293.55,292.01,293.1,61281271.0
2019-07-01,296.68,296.92,294.33,295.58,80972325.0
2019-07-02,295.61,296.49,294.68,296.44,62258442.0
2019-07-03,297.18,298.82,297.02,298.8,42248078.0
2019-07-05,297.44,298.64,296.01,298.27,52650445.0
2019-07-08,297.01,298.2579,296.22,296.86,47352766.0
2019-07-09,295.54,297.52,295.48,297.23,42301733.0
2019-07-10,298.37,299.66,297.78,298.61,59656591.0
2019-07-11,299.32,299.58,298.2,299.32,51545653.0
2019-07-12,299.85,300.73,299.51,300.65,41362400.0
2019-07-15,301.13,301.13,300.19,300.84,34419769.0
2019-07-16,300.65,300.88,299.44,299.78,41252625.0
2019-07-17,299.75,299.93,297.74,297.78,45903553.0
2019-07-18,297.19,299.25,296.7,298.87,52346311.0
2019-07-19,300.04,300.07,296.96,297.26,72696883.0
2019-07-22,297.61,298.5,297.04,297.81,45886285.0
2019-07-23,299.14,300.03,298.22,299.98,45969686.0
2019-07-24,299.19,301.44,299.09,301.4,48730753.0
2019-07-25,300.94,301.0,299.11,299.97,58984311.0
2019-07-26,300.76,302.23,300.62,301.96,48115422.0
2019-07-29,301.88,301.93,300.85,301.49,39076088.0
2019-07-30,299.91,301.17,299.49,300.79,47114717.0
2019-07-31,300.99,301.2,295.2,297.4,106681828.0
2019-08-01,297.6,300.87,293.96,295.0,145021954.0
2019-08-02,293.85,294.12,290.9,292.62,119022508.0
2019-08-05,288.09,288.21,281.72,284.05,183198274.0
2019-08-06,285.91,288.04,284.28,287.73,124236590.0
2019-08-07,284.4,288.82,282.04,288.16,142254766.0
2019-08-08,289.62,293.62,289.01,293.59,90112173.0
2019-08-09,292.58,293.24,289.65,291.6,95091532.0
2019-08-12,289.96,291.6052,287.02,287.93,58248189.0
2019-08-13,287.74,294.15,287.36,292.42,96643300.0
2019-08-14,288.07,292.4644,283.76,284.02,138650630.0
2019-08-15,284.88,285.64,282.39,284.65,103711759.0
2019-08-16,286.48,289.33,284.7138,288.81,87151223.0
2019-08-19,292.19,293.08,291.44,292.32,56116895.0
2019-08-20,291.77,292.36,289.95,290.02,53406540.0
2019-08-21,292.48,292.86,291.72,292.41,51117691.0
2019-08-22,293.23,293.93,290.4,292.33,53036877.0
2019-08-23,290.92,292.76,283.47,284.88,151633008.0
2019-08-26,287.27,288.0,285.58,287.95,74581806.0
2019-08-27,289.54,289.95,286.03,286.7,69217186.0
2019-08-28,286.14,289.07,285.25,288.84,60999504.0
2019-08-29,291.72,293.16,290.61,292.58,59225194.0
2019-08-30,294.22,294.2399,291.42,292.4527,64676117.0
2019-09-03,290.57,291.58,289.27,290.75,70523272.0
2019-09-04,293.14,294.055,292.31,293.97,48447464.0
2019-09-05,296.79,298.83,294.001,297.75,84134211.0
2019-09-06,298.17,298.76,297.42,298.05,50175287.0
2019-09-09,299.14,299.24,297.16,298.2,52006396.0
2019-09-10,297.36,298.2,295.97,298.09,58797500.0
2019-09-11,298.47,300.34,297.75,300.31,69964932.0
2019-09-12,301.25,302.46,300.41,301.36,73765948.0
2019-09-13,301.78,302.17,300.68,300.99,62876882.0
2019-09-16,299.84,301.1378,299.45,300.21,60055479.0
2019-09-17,299.94,301.02,299.75,300.95,43560752.0
2019-09-18,300.49,301.22,298.24,301.1,75049588.0
2019-09-19,301.53,302.63,300.7103,301.07,79490929.0
2019-09-20,300.36,300.67,297.41,298.08,99626161.0
2019-09-23,297.55,299.0,297.27,298.3,48321226.0
2019-09-24,299.41,299.84,294.81,295.92,98688410.0
2019-09-25,295.96,298.11,294.33,297.61,78417632.0
2019-09-26,297.63,297.86,295.45,297.0,59165581.0
2019-09-27,297.83,297.9465,293.69,295.41,86011770.0
2019-09-30,295.97,297.55,295.92,296.7905,54249399.0
2019-10-01,297.74,298.455,293.0,293.32,90963980.0
2019-10-02,291.5,291.51,286.64,288.16,126335327.0
2019-10-03,287.81,290.45,284.82,290.45,86869960.0
2019-10-04,291.14,294.63,290.82,294.3,67767580.0
2019-10-07,293.47,295.26,292.77,293.1,62088645.0
2019-10-08,291.04,291.85,288.49,288.66,103504306.0
2019-10-09,290.75,292.3,288.6559,291.12,70229917.0
2019-10-10,291.18,294.21,291.0,293.29,57867131.0
2019-10-11,296.27,298.74,296.1448,296.25,102672621.0
2019-10-14,295.93,296.67,295.57,296.03,41283428.0
2019-10-15,297.1,299.7,296.97,298.88,48895657.0
2019-10-16,298.37,299.16,297.92,298.46,52994390.0
2019-10-17,299.68,300.24,298.515,299.21,47733412.0
2019-10-18,298.69,299.395,296.99,298.09,65642672.0
2019-10-21,299.42,300.21,298.935,300.03,40676748.0
2019-10-22,300.58,300.9,298.91,298.99,50056997.0
2019-10-23,298.73,299.94,298.495,299.83,35723766.0
2019-10-24,300.91,301.07,299.4601,300.42,36772203.0
2019-10-25,299.74,302.2,299.6806,301.59,46278271.0
2019-10-28,302.94,303.85,302.91,303.34,43245339.0
2019-10-29,303.0,304.23,302.86,303.14,44955590.0
2019-10-30,303.43,304.55,301.99,304.21,50475026.0
2019-10-31,304.13,304.13,301.73,303.33,70472882.0
2019-11-01,304.92,306.19,304.74,306.17,72649752.0
2019-11-04,307.85,308.0,306.96,307.37,61451913.0
2019-11-05,307.59,307.9195,306.71,307.04,44001870.0
2019-11-06,307.03,307.4,306.06,307.07,47383539.0
2019-11-07,308.57,309.65,307.66,308.21,55053333.0
2019-11-08,307.8,309.0036,307.03,308.93,49653540.0
2019-11-11,307.42,308.54,307.27,308.36,36335724.0
2019-11-12,308.75,309.99,308.15,308.96,47933274.0
2019-11-13,307.91,309.54,307.66,309.15,55252450.0
2019-11-14,308.79,309.64,308.09,309.54,52602572.0
2019-11-15,311.02,311.84,310.26,311.81,62832522.0
2019-11-18,311.53,312.28,311.03,311.98,50489632.0
2019-11-19,312.68,312.69,311.22,311.91,69272746.0
2019-11-20,311.28,311.85,309.06,310.81,80921343.0
2019-11-21,310.89,311.01,309.39,310.3,55273030.0
2019-11-22,311.09,311.24,309.85,311.02,45485710.0
2019-11-25,311.98,313.37,311.98,313.33,50273892.0
2019-11-26,313.41,314.28,313.06,313.99,38729785.0
2019-11-27,314.61,315.48,314.37,315.42,46153005.0
2019-11-29,314.86,315.13,314.06,314.33,37839782.0
2019-12-02,314.59,314.66,311.17,311.66,78630131.0
2019-12-03,308.65,309.64,307.13,309.51,76725416.0
2019-12-04,310.7,312.12,310.32,311.5,49860938.0
2019-12-05,312.23,312.25,310.58,312.09,41540611.0
2019-12-06,314.12,315.31,314.11,314.83,50091438.0
2019-12-09,314.44,315.18,313.8,313.89,35419836.0
2019-12-10,313.82,314.55,312.81,313.58,53698321.0
2019-12-11,314.03,314.7,313.4393,314.33,56301209.0
2019-12-12,314.43,317.99,314.17,317.08,98280985.0
2019-12-13,316.87,318.67,316.02,317.29,82239787.0
2019-12-16,319.22,320.15,317.2542,319.49,86183317.0
2019-12-17,319.92,320.25,319.48,319.5495,62393053.0
2019-12-18,320.0,320.25,319.53,319.56,51246674.0
2019-12-19,319.8,320.98,319.5246,320.87,87471997.0
2019-12-20,320.46,321.9742,319.3873,320.86,162473006.0
2019-12-23,321.59,321.65,321.06,321.27,54408530.0
2019-12-24,321.47,321.52,320.9,321.24,20550098.0
2019-12-26,321.65,322.95,321.64,322.94,31809352.0
2019-12-27,323.74,323.8,322.28,322.85,43084401.0
2019-12-30,322.95,323.1,320.55,321.13,51165259.0
2019-12-31,320.53,322.13,320.15,321.85,59018703.0
2020-01-02,323.54,324.89,322.53,324.87,60187033.0
2020-01-03,321.16,323.64,321.1,322.43,80319689.0
2020-01-06,320.49,323.73,320.36,323.73,56672077.0
2020-01-07,323.02,323.54,322.24,322.74,43646563.0
2020-01-08,322.94,325.78,322.67,324.42,69691471.0
2020-01-09,326.16,326.73,325.52,326.59,49479650.0
2020-01-10,327.2899,327.46,325.2,325.64,53842362.0
2020-01-13,326.39,327.96,325.92,327.92,51115039.0
2020-01-14,327.47,328.62,326.844,327.42,64327107.0
2020-01-15,327.35,329.02,327.26,328.16,73150949.0
2020-01-16,329.7,330.92,329.45,330.86,56695908.0
2020-01-17,331.7,332.18,330.7897,332.01,107448658.0
2020-01-21,330.9,332.18,330.82,331.29,80196677.0
2020-01-22,332.24,332.95,331.17,331.35,49824372.0
2020-01-23,330.63,332.1682,329.41,331.8,52680351.0
2020-01-24,332.44,332.53,327.36,328.76,88497842.0
2020-01-27,323.03,325.12,322.66,323.51,86318745.0
2020-01-28,325.06,327.85,323.6038,326.88,65847396.0
2020-01-29,328.38,328.63,326.4,326.62,54998042.0
2020-01-30,324.36,327.91,323.54,327.62,77185315.0
2020-01-31,327.0,327.17,320.73,321.75,116500962.0
2020-02-03,323.35,326.16,323.22,324.12,71170107.0
2020-02-04,328.07,330.01,327.72,329.06,64065469.0
2020-02-05,332.27,333.09,330.67,332.84,67402342.0
2020-02-06,333.91,334.19,332.8,333.93,51626082.0
2020-02-07,332.82,333.9941,331.6,332.24,65101736.0
2020-02-10,331.23,334.75,331.19,334.75,43576992.0
2020-02-11,336.16,337.02,334.684,335.27,55707407.0
2020-02-12,336.83,337.65,336.43,337.44,44997697.0
2020-02-13,335.8621,338.12,335.56,337.17,55382831.0
2020-02-14,337.51,337.73,336.2,337.6,65012969.0
2020-02-18,336.51,337.6677,335.21,336.73,58482788.0
2020-02-19,337.79,339.08,337.48,338.32,49804453.0
2020-02-20,337.7423,338.64,333.6817,336.99,74976767.0
2020-02-21,335.47,335.81,332.58,333.45,115144054.0
2020-02-24,323.14,333.5623,321.24,322.42,163655089.0
2020-02-25,323.94,324.61,311.69,312.59,223245173.0
2020-02-26,314.18,318.11,310.7,311.61,198369131.0
2020-02-27,305.46,311.5637,297.51,297.7,288117319.0
2020-02-28,288.7,297.892,285.54,296.24,392482615.0
2020-03-02,298.21,309.16,294.46,308.9,241275739.0
2020-03-03,309.5,313.84,297.57,300.32,305243992.0
2020-03-04,306.12,313.1,303.33,313.05,178853859.0
2020-03-05,304.98,308.47,300.01,302.51,188896911.0
2020-03-06,293.15,298.78,290.23,297.43,231042459.0
2020-03-09,275.3,284.19,273.45,276.32,312908288.0
2020-03-10,284.64,288.52,273.5,288.41,278857139.0
2020-03-11,280.7,281.94,270.88,274.25,258486370.0
2020-03-12,256.0,266.66,247.68,255.24,394824960.0
2020-03-13,263.09,271.4754,248.5237,270.2,328921935.0
2020-03-16,241.18,256.9,237.36,241.065,300815897.0
2020-03-17,245.04,256.17,237.07,254.19,265602534.0
2020-03-18,236.25,248.37,228.02,235.69,329737404.0
2020-03-19,239.25,247.38,232.22,240.55,292164236.0
2020-03-20,242.53,244.47,228.5,229.4,346965271.0
2020-03-23,228.19,229.6833,218.26,222.68,328483538.0
2020-03-24,234.42,244.1,233.8,242.0,238855181.0
2020-03-25,244.87,256.35,239.75,246.79,301441274.0
2020-03-26,249.52,262.8,249.05,260.93,260651432.0
2020-03-27,253.27,260.81,251.05,254.0,225910512.0
2020-03-30,255.7,262.43,253.53,261.56,173415329.0
2020-03-31,260.56,263.33,256.22,257.36,199726153.0
2020-04-01,247.98,257.6591,243.9,246.04,191168322.0
2020-04-02,245.19,252.68,244.59,251.93,180209961.0
2020-04-03,250.76,253.32,245.22,247.95,135983980.0
2020-04-06,257.84,267.0,248.1698,264.74,190704663.0
2020-04-07,274.21,275.03,264.89,265.18,202333061.0
2020-04-08,267.96,276.0,265.2542,274.0,156041618.0
2020-04-09,277.58,281.2,275.47,278.22,191207283.0
2020-04-13,277.14,277.51,271.41,275.63,115990100.0
2020-04-14,280.98,284.9,275.5106,283.8,135637433.0
2020-04-15,277.57,283.9407,275.46,277.75,122479542.0
2020-04-16,279.15,280.03,275.76,278.96,133521580.0
2020-04-17,285.38,287.3,282.4,286.54,148426671.0
2020-04-20,282.61,286.7912,281.35,281.76,101355962.0
2020-04-21,276.73,278.04,272.02,273.17,127506242.0
2020-04-22,278.35,281.0,276.91,279.04,95043515.0
2020-04-23,280.49,283.94,278.75,279.01,105334118.0
2020-04-24,280.73,283.7,278.5,282.89,85986704.0
2020-04-27,285.12,288.27,284.62,287.1,79453111.0
2020-04-28,291.02,291.4,285.4,285.69,107717695.0
2020-04-29,291.54,294.88,290.41,293.15,120029469.0
2020-04-30,291.71,293.3239,288.59,290.63,125590429.0
2020-05-01,285.31,290.6572,281.52,282.83,127002350.0
2020-05-04,280.74,283.9,279.13,283.59,81813464.0
2020-05-05,286.64,289.25,283.7134,286.15,80363726.0
2020-05-06,288.04,288.46,283.78,284.34,74268760.0
2020-05-07,287.75,289.78,287.13,287.7,75995625.0
2020-05-08,291.09,292.95,289.86,292.51,77453400.0
2020-05-11,290.34,294.0,289.88,292.62,80185487.0
2020-05-12,293.79,294.24,286.52,286.55,96646578.0
2020-05-13,286.06,287.19,278.965,281.49,145925811.0
2020-05-14,278.95,285.11,272.99,285.04,122811653.0
2020-05-15,282.37,286.33,281.34,286.29,112236947.0
2020-05-18,293.05,296.75,292.7,294.94,121483062.0
2020-05-19,294.35,296.205,291.95,292.21,95902732.0
2020-05-20,295.82,297.87,295.57,297.03,88554554.0
2020-05-21,296.79,297.67,293.6886,294.83,79080063.0
2020-05-22,294.55,295.63,293.22,295.48,64663504.0
2020-05-26,301.93,302.19,295.4646,299.2,89907108.0
2020-05-27,302.12,303.57,296.87,303.55,105572911.0
2020-05-28,304.65,306.84,302.24,303.07,91346714.0
2020-05-29,302.46,304.96,299.47,304.49,120799423.0
2020-06-01,303.62,306.205,303.06,305.45,57566227.0
2020-06-02,306.55,308.13,305.1,308.08,75144357.0
2020-06-03,310.24,313.22,309.94,312.09,93420974.0
2020-06-04,311.11,313.0,309.08,311.34,76617786.0
2020-06-05,317.23,321.275,317.16,319.4,152027977.0
2020-06-08,320.22,323.41,319.63,323.15,74473679.0
2020-06-09,320.3,323.2849,319.36,320.94,78168825.0
2020-06-10,321.42,322.39,318.2209,319.03,95540117.0
2020-06-11,311.46,312.15,300.01,300.69,211170242.0
2020-06-12,308.24,309.08,298.6,304.38,195502665.0
2020-06-15,298.02,308.28,296.74,307.11,136778520.0
2020-06-16,315.48,315.64,307.67,312.75,138268268.0
2020-06-17,314.07,314.39,310.86,311.66,83772656.0
2020-06-18,310.005,312.3,309.51,311.76,81506001.0
2020-06-19,314.17,314.38,306.53,308.54,138791316.0
2020-06-22,307.99,311.05,306.75,310.67,75635183.0
2020-06-23,313.49,314.5,311.6101,312.0,69441123.0
2020-06-24,309.85,310.51,302.1,304.21,134448956.0
2020-06-25,303.47,307.64,301.28,307.26,90448031.0
2020-06-26,306.16,306.39,299.42,300.09,129290930.0
2020-06-29,301.41,304.61,298.93,304.56,81216962.0
2020-06-30,303.99,310.2,303.82,308.94,116632172.0
2020-07-01,309.57,311.89,309.07,310.57,73485424.0
2020-07-02,314.24,315.7,311.51,312.19,70466596.0
2020-07-06,316.37,317.68,315.56,317.01,62530715.0
2020-07-07,315.38,317.52,313.37,313.77,83588153.0
2020-07-08,314.61,316.3,312.7,316.16,55444248.0
2020-07-09,316.84,317.1,310.68,314.6,84350421.0
2020-07-10,314.31,317.88,312.76,317.64,58345670.0
2020-07-13,320.13,322.71,314.13,314.81,104203275.0
2020-07-14,313.3,319.76,312.0,318.93,94625450.0
2020-07-15,322.41,323.04,319.265,321.98,88112557.0
2020-07-16,319.79,321.28,319.09,320.86,55079118.0
2020-07-17,321.88,322.57,319.735,321.7,64751031.0
2020-07-20,321.43,325.13,320.62,324.27,57817013.0
2020-07-21,326.45,326.93,323.94,324.9,58132689.0
2020-07-22,324.62,327.2,324.5,326.82,58800184.0
2020-07-23,326.47,327.23,321.48,322.95,76637748.0
2020-07-24,320.95,321.99,319.246,320.91,74375086.0
2020-07-27,321.63,323.41,320.775,323.27,49179907.0
2020-07-28,322.43,323.64,320.85,321.3,58306358.0
2020-07-29,322.12,325.73,322.075,325.01,49357443.0
2020-07-30,321.9,324.41,319.64,323.98,62381361.0
2020-07-31,325.9,326.63,321.33,326.4,85813672.0
2020-08-03,328.32,329.62,327.73,328.67,54271003.0
2020-08-04,327.86,330.06,327.86,330.0,42614516.0
2020-08-05,331.47,332.39,331.18,332.03,43668799.0
2020-08-06,331.4799,334.46,331.13,334.32,44795942.0
2020-08-07,333.28,334.88,332.3,334.57,57978084.0
2020-08-10,335.06,335.77,332.955,335.56,45016105.0
2020-08-11,336.85,337.54,332.01,332.82,70722617.0
2020-08-12,335.44,338.28,332.8377,337.31,54833482.0
2020-08-13,336.61,338.2514,335.83,336.81,42353803.0
2020-08-14,336.41,337.42,335.62,336.85,49678955.0
2020-08-17,337.94,338.34,336.8517,337.92,36385587.0
2020-08-18,338.34,339.1,336.61,338.595,39695332.0
2020-08-19,339.05,339.61,336.62,337.13,68705194.0
2020-08-20,335.36,338.8,335.22,338.31,42983474.0
2020-08-21,337.92,339.72,337.55,339.45,55766135.0
2020-08-24,342.12,343.0,339.4504,342.9,49930585.0
2020-08-25,343.53,344.21,342.27,344.15,39370034.0
2020-08-26,344.76,347.86,344.17,347.61,51826891.0
2020-08-27,348.51,349.9,346.53,348.34,58859780.0
2020-08-28,349.44,350.72,348.15,350.57,48492772.0
2020-08-31,350.35,351.3,349.06,349.8206,67988740.0
2020-09-01,350.21,352.71,349.24,352.68,56368885.0
2020-09-02,354.67,358.75,353.43,357.78,70748274.0
2020-09-03,355.87,356.38,342.59,345.53,149844547.0
2020-09-04,346.13,347.83,334.87,342.35,140401491.0
2020-09-08,336.71,342.64,332.88,333.27,117145041.0
2020-09-09,337.55,342.46,336.61,339.77,92579171.0
2020-09-10,341.82,342.53,332.85,334.13,92367295.0
2020-09-11,335.82,336.97,331.0,334.09,85306783.0
2020-09-14,337.49,340.38,334.2208,338.44,67084086.0
2020-09-15,341.12,342.02,338.4683,340.12,53890721.0
2020-09-16,341.51,343.06,338.52,338.88,82875521.0
2020-09-17,333.56,337.6996,332.991,335.87,92670080.0
2020-09-18,335.37,335.49,327.97,330.77,107478873.0
2020-09-21,325.7,327.13,321.73,327.12,101042628.0
2020-09-22,328.57,330.9,325.86,330.3,66221849.0
2020-09-23,330.9,331.2,322.1,322.54,95922161.0
2020-09-24,321.22,326.797,319.8,323.42,79294892.0
2020-09-25,322.58,329.58,321.64,328.72,72303635.0
2020-09-28,333.22,334.96,332.15,334.25,66266107.0
2020-09-29,333.97,334.77,331.6209,332.43,53909946.0
2020-09-30,333.09,338.29,332.88,334.32,107538916.0
2020-10-01,337.69,338.74,335.01,336.97,89588758.0
2020-10-02,331.7,337.0126,331.19,333.88,90549716.0
2020-10-05,336.06,339.96,336.01,339.72,47151802.0
2020-10-06,339.91,342.17,334.38,334.95,92106026.0
2020-10-07,338.12,341.63,338.09,340.75,58717549.0
2020-10-08,342.85,343.85,341.86,343.65,46538493.0
2020-10-09,345.56,347.35,344.89,346.73,60439459.0
2020-10-12,349.59,354.02,349.06,352.36,82006132.0
2020-10-13,352.28,352.4651,349.09,350.17,74121382.0
2020-10-14,350.75,351.93,347.14,347.93,58775629.0
2020-10-15,343.71,348.02,343.13,347.54,61165947.0
2020-10-16,348.96,350.75,347.1,347.32,90245234.0
2020-10-19,348.65,349.33,341.04,342.13,69408028.0
2020-10-20,343.46,346.88,342.64,343.3,61101982.0
2020-10-21,343.33,348.6847,342.4,342.65,64234703.0
2020-10-22,342.96,345.24,340.65,344.64,56780414.0
2020-10-23,345.93,345.99,343.13,345.62,49904173.0
2020-10-26,342.13,342.98,335.62,339.41,92872147.0
2020-10-27,339.76,340.12,337.99,338.33,67210558.0
2020-10-28,332.1,338.2483,326.13,326.7,130062418.0
2020-10-29,326.91,333.395,325.09,330.08,92078044.0
2020-10-30,328.28,329.69,322.6,326.69,122788785.0
2020-11-02,330.2,332.36,327.24,330.19,87512072.0
2020-11-03,333.69,338.25,330.2935,335.92,95208191.0
2020-11-04,340.86,347.94,339.59,343.66,129169525.0
2020-11-05,349.24,352.19,348.86,350.19,83736650.0
2020-11-06,349.93,351.51,347.65,350.18,75997846.0
2020-11-09,363.97,364.38,354.06,354.62,174005798.0
2020-11-10,353.49,355.18,350.51,354.08,86568086.0
2020-11-11,356.4,357.56,355.06,356.72,60720853.0
2020-11-12,355.58,356.7182,351.26,353.34,69919537.0
2020-11-13,355.27,358.9,354.71,358.1,64109638.0
2020-11-16,360.98,362.78,359.59,362.58,77199383.0
2020-11-17,359.97,361.92,358.34,360.82,66815607.0
2020-11-18,360.91,361.5,356.24,356.25,72616738.0
2020-11-19,355.6,358.18,354.15,357.96,60844851.0
2020-11-20,357.5,357.72,355.25,355.35,71042991.0
2020-11-23,357.28,358.82,354.865,357.53,64028577.0
2020-11-24,360.21,363.81,359.29,363.14,63819779.0
2020-11-25,363.13,363.16,361.48,362.49,45948371.0
2020-11-27,363.84,364.18,362.58,363.71,29042644.0
2020-11-30,362.83,363.12,359.17,362.21,87200943.0
2020-12-01,365.57,367.68,364.93,365.84,76822159.0
2020-12-02,364.82,366.96,364.2,366.82,47081427.0
2020-12-03,366.68,368.19,365.5,366.67,64123777.0
2020-12-04,367.32,369.85,367.22,369.78,51459007.0
2020-12-07,369.02,369.62,367.72,369.16,50031951.0
2020-12-08,367.72,370.78,367.67,370.19,45099196.0
2020-12-09,370.88,371.05,365.95,366.77,75525045.0
2020-12-10,365.37,367.86,364.43,366.87,59975429.0
2020-12-11,364.9,366.7402,363.26,366.14,58659075.0
2020-12-14,368.64,369.8,364.47,364.9,70722353.0
2020-12-15,367.4,369.59,365.92,369.56,65591667.0
2020-12-16,369.82,371.16,368.8676,370.06,59534034.0
2020-12-17,371.94,372.46,371.05,372.19,66592842.0
2020-12-18,370.97,371.15,367.02,369.15,143257901.0
2020-12-21,364.97,378.46,362.03,367.65,98396728.0
2020-12-22,368.21,368.3317,366.03,367.3,49425123.0
2020-12-23,368.28,369.62,367.2172,367.49,47321905.0
2020-12-24,368.08,369.03,367.45,369.03,27139624.0
2020-12-28,371.74,372.59,371.07,372.22,40460382.0
2020-12-29,373.81,374.0,370.83,371.62,54576638.0
2020-12-30,372.34,373.1,371.57,372.03,50615419.0
2020-12-31,371.78,374.66,371.232,374.25,80927738.0
2021-01-04,375.31,375.45,364.82,368.97,111804895.0
2021-01-05,368.1,372.5,368.05,371.4,67456696.0
2021-01-06,369.71,376.98,369.12,373.41,109080743.0
2021-01-07,376.1,379.9,375.91,379.13,70220837.0
2021-01-08,380.59,381.49,377.1,381.29,74338260.0
2021-01-11,377.85,380.58,377.7189,378.7,52148184.0
2021-01-12,378.89,379.86,376.36,378.66,53546073.0
2021-01-13,378.69,380.86,377.85,379.7,46290159.0
2021-01-14,380.59,381.13,378.1,378.58,50821683.0
2021-01-15,376.72,377.58,373.7,375.67,109520809.0
2021-01-19,378.34,379.23,376.75,378.64,52504155.0
2021-01-20,381.11,384.79,380.69,383.8,63340450.0
2021-01-21,384.49,384.95,383.25,384.15,48716569.0
2021-01-22,382.25,384.1256,381.835,382.82,53194026.0
2021-01-25,383.67,384.77,378.46,384.54,72021578.0
2021-01-26,385.41,385.85,383.54,383.75,44161134.0
2021-01-27,380.22,380.32,372.01,374.65,126043890.0
2021-01-28,376.36,381.93,375.89,377.52,96130471.0
2021-01-29,375.63,376.67,368.27,370.14,129983765.0
2021-02-01,373.72,377.34,370.376,376.02,77707586.0
2021-02-02,379.65,383.22,376.3181,381.25,66494770.0
2021-02-03,382.435,383.7,380.48,381.84,53344886.0
2021-02-04,382.96,386.24,381.9655,386.11,48544535.0
2021-02-05,388.2,388.47,386.1444,387.63,49890523.0
2021-02-08,389.27,390.56,388.35,390.52,39380252.0
2021-02-09,389.61,390.89,389.17,390.31,36248491.0
2021-02-10,392.12,392.28,387.5,390.17,59678427.0
2021-02-11,391.24,391.69,388.1,390.71,43822781.0
2021-02-12,389.85,392.9,389.77,392.73,51799016.0
2021-02-16,393.96,394.17,391.53,392.38,52716093.0
2021-02-17,390.42,392.66,389.33,392.45,54297756.0
2021-02-18,389.59,391.515,387.74,390.82,60770152.0
2021-02-19,392.07,392.38,389.55,390.05,84807821.0
2021-02-22,387.06,389.62,386.74,387.08,69771116.0
2021-02-23,384.66,388.945,380.2,387.52,108002754.0
2021-02-24,386.33,392.23,385.27,391.84,73663829.0
2021-02-25,390.41,391.88,380.7789,382.37,148679383.0
2021-02-26,384.35,385.58,378.23,380.01,154318347.0
2021-03-01,385.59,390.92,380.572,389.43,107534746.0
2021-03-02,389.82,390.07,386.0,386.56,81988591.0
2021-03-03,385.79,386.83,381.31,381.4,124095342.0
2021-03-04,381.22,384.0,371.88,376.6799,187163522.0
2021-03-05,380.46,384.76,372.64,383.56,154840748.0
2021-03-08,384.66,387.68,381.42,381.72,124010149.0
2021-03-09,385.85,389.91,381.7299,387.13,116544202.0
2021-03-10,389.69,391.4,388.1702,389.39,111715355.0
2021-03-11,392.23,395.65,391.74,393.46,87995511.0
2021-03-12,392.07,394.21,391.2,394.0,66408497.0
2021-03-15,394.33,396.685,392.03,396.48,76514167.0
2021-03-16,397.07,397.83,395.08,395.86,75735745.0
2021-03-17,394.53,398.12,393.3,397.21,98853032.0
2021-03-18,394.475,396.72,390.75,391.53,118149389.0
2021-03-19,389.88,391.569,387.15,389.57,115070074.0
2021-03-22,390.03,394.07,389.97,392.55,74744285.0
2021-03-23,391.91,393.46,388.66,389.63,91830191.0
2021-03-24,391.0,392.75,387.47,387.63,98576266.0
2021-03-25,385.98,390.55,383.9,389.72,117324362.0
2021-03-26,390.93,396.41,390.29,395.91,116858809.0
2021-03-29,394.4,396.75,392.81,395.76,114464450.0
2021-03-30,394.42,395.45,393.02,394.69,76954653.0
2021-03-31,395.34,398.0,395.31,396.33,114268733.0
2021-04-01,398.4,400.67,398.18,400.61,101181097.0
2021-04-05,403.46,406.94,403.38,406.36,92971454.0
2021-04-06,405.76,407.24,405.4,406.12,63118699.0
2021-04-07,405.94,406.96,405.45,406.59,56351333.0
2021-04-08,407.93,408.58,406.93,408.52,58807820.0
2021-04-09,408.39,411.67,408.26,411.49,62133104.0
2021-04-12,410.85,411.93,410.2,411.64,56704900.0
2021-04-13,411.53,413.529,411.12,412.86,56550988.0
2021-04-14,412.83,413.96,410.87,411.45,62468115.0
2021-04-15,413.74,416.16,413.69,415.87,60229843.0
2021-04-16,417.25,417.91,415.73,417.26,81977568.0
2021-04-19,416.26,416.74,413.79,415.21,78498638.0
2021-04-20,413.91,415.0859,410.59,412.17,81851828.0
2021-04-21,411.51,416.29,411.36,416.07,66792984.0
2021-04-22,415.89,416.78,411.13,412.27,98766103.0
2021-04-23,412.87,418.25,412.79,416.74,74074953.0
2021-04-26,417.44,418.22,416.8111,417.61,53597096.0
2021-04-27,417.93,418.14,416.3,417.52,52112393.0
2021-04-28,417.81,419.01,416.9,417.4,51994369.0
2021-04-29,420.32,420.72,416.44,420.06,80506526.0
2021-04-30,417.63,418.54,416.34,417.3,87467317.0
2021-05-03,419.43,419.84,417.665,418.2,68963710.0
2021-05-04,416.07,416.6,411.67,415.62,102684284.0
2021-05-05,417.38,417.63,414.94,415.75,61155687.0
2021-05-06,415.83,419.21,413.675,419.07,74534968.0
2021-05-07,419.89,422.815,419.16,422.12,68913001.0
2021-05-10,422.5,422.74,417.81,417.94,82950865.0
2021-05-11,413.1,415.27,410.06,414.21,118182209.0
2021-05-12,411.23,412.59,404.0,405.41,137078636.0
2021-05-13,407.07,412.35,407.02,410.28,106393963.0
2021-05-14,413.21,417.49,413.18,416.58,84366746.0
2021-05-17,415.39,416.39,413.36,415.48,66193502.0
2021-05-18,415.8,416.06,411.77,412.02,61288866.0
2021-05-19,406.92,411.05,405.33,410.78,108349346.0
2021-05-20,411.8,416.625,411.67,415.15,79754477.0
2021-05-21,416.87,418.2,414.45,414.98,77590498.0
2021-05-24,417.34,420.32,417.08,419.17,52606963.0
2021-05-25,420.33,420.71,417.62,418.33,58365218.0
2021-05-26,418.87,419.61,417.76,419.04,43861538.0
2021-05-27,420.17,420.72,418.9851,419.18,58438340.0
2021-05-28,420.97,421.25,419.79,420.19,59768917.0
2021-06-01,422.57,422.72,419.2,419.67,55475267.0
2021-06-02,420.37,421.23,419.29,420.39,50203715.0
2021-06-03,417.85,419.99,416.28,418.83,59499680.0
2021-06-04,420.75,422.92,418.8422,422.44,57471475.0
2021-06-07,422.59,422.78,421.19,422.26,52952730.0
2021-06-08,423.11,423.21,420.32,422.3,47948293.0
2021-06-09,423.18,423.26,421.41,421.67,49531038.0
2021-06-10,422.96,424.63,421.55,423.61,52143649.0
2021-06-11,424.2,424.43,422.82,424.31,46822811.0
2021-06-14,424.43,425.37,423.1,425.26,43360599.0
2021-06-15,425.42,425.46,423.54,424.48,52379036.0
2021-06-16,424.63,424.87,419.92,422.11,82346591.0
2021-06-17,421.67,423.02,419.32,421.97,92368532.0
2021-06-18,417.09,417.8281,414.7,414.92,120543104.0
2021-06-21,416.8,421.06,415.93,420.86,74576631.0
2021-06-22,420.85,424.0,420.08,423.11,59929167.0
2021-06-23,423.19,424.05,422.51,422.6,51215292.0
2021-06-24,424.89,425.55,424.62,425.1,46318393.0
2021-06-25,425.9,427.0943,425.55,426.61,59584242.0
2021-06-28,427.17,427.65,425.89,427.47,54222023.0
2021-06-29,427.88,428.56,427.13,427.7,36655269.0
2021-06-30,427.21,428.78,427.18,428.06,66270641.0
2021-07-01,428.87,430.6,428.8,430.43,55872224.0
2021-07-02,431.67,434.1,430.5218,433.72,59750006.0
2021-07-06,433.78,434.01,430.01,432.93,69771668.0
2021-07-07,433.66,434.76,431.51,434.46,65615176.0
2021-07-08,428.78,431.73,427.52,430.92,99397460.0
2021-07-09,432.53,435.84,430.714,435.52,77967324.0
2021-07-12,435.43,437.35,434.97,437.08,54302361.0
2021-07-13,436.24,437.84,435.31,435.59,53702111.0
2021-07-14,437.4,437.92,434.91,436.24,65563370.0
2021-07-15,434.81,435.53,432.72,434.75,55879338.0
2021-07-16,436.01,436.06,430.92,431.34,77170227.0
2021-07-19,426.19,431.4089,421.97,424.97,149399960.0
2021-07-20,425.68,432.42,424.83,431.06,100942167.0
2021-07-21,432.34,434.7,431.0111,434.55,65894328.0
2021-07-22,434.74,435.72,433.69,435.46,48647326.0
2021-07-23,437.52,440.3,436.79,439.94,64713928.0
2021-07-26,439.31,441.03,439.26,441.02,44352624.0
2021-07-27,439.91,439.94,435.99,439.01,68269527.0
2021-07-28,439.68,440.3,437.31,438.83,53425144.0
2021-07-29,439.815,441.8,439.81,440.65,48198967.0
2021-07-30,437.91,440.06,437.77,438.51,70310909.0
2021-08-02,440.34,440.93,437.21,437.59,59611884.0
2021-08-03,438.44,441.28,436.1,441.15,58824931.0
2021-08-04,439.78,441.1243,438.73,438.98,47620472.0
2021-08-05,440.22,441.85,439.88,441.76,39730739.0
2021-08-06,442.1,442.94,441.8,442.49,47572213.0
2021-08-09,442.46,442.795,441.31,442.13,42250781.0
2021-08-10,442.61,443.44,441.88,442.68,44951196.0
2021-08-11,443.82,443.882,442.62,443.78,45383120.0
2021-08-12,443.62,445.2572,442.66,445.11,39843341.0
2021-08-13,445.59,445.94,445.07,445.92,40108966.0
2021-08-16,444.53,447.11,442.87,446.97,74631097.0
2021-08-17,444.24,444.96,440.85,444.04,94352513.0
2021-08-18,442.96,444.625,438.92,439.18,91420225.0
2021-08-19,436.27,441.14,436.12,439.86,94479651.0
2021-08-20,440.23,443.71,439.71,443.36,73189310.0
2021-08-23,445.16,448.23,443.4355,447.26,55793374.0
2021-08-24,447.97,448.54,447.42,447.97,40179908.0
2021-08-25,448.17,449.457,447.77,448.91,41966967.0
2021-08-26,448.61,448.86,446.16,446.26,58472550.0
2021-08-27,447.12,450.65,447.06,450.25,79706113.0
2021-08-30,450.97,453.07,450.71,452.23,49898245.0
2021-08-31,452.13,452.49,450.92,451.56,61354794.0
2021-09-01,452.56,453.11,451.545,451.8,49472969.0
2021-09-02,453.32,454.05,451.91,453.19,43327950.0
2021-09-03,451.98,453.63,451.55,453.08,47762540.0
2021-09-07,452.71,452.81,450.7423,451.46,52416593.0
2021-09-08,450.89,451.67,448.86,450.91,56880064.0
2021-09-09,450.7,452.57,448.72,448.98,59078822.0
2021-09-10,451.04,451.49,445.31,445.44,91228331.0
2021-09-13,448.64,448.92,444.11,446.58,84654367.0
2021-09-14,448.12,448.34,443.22,444.17,79354474.0
2021-09-15,444.62,448.41,443.44,447.88,79886416.0
2021-09-16,447.32,448.36,444.02,447.17,78496993.0
2021-09-17,444.92,445.37,441.02,441.4,119686123.0
2021-09-20,434.88,436.56,428.86,434.04,168323570.0
2021-09-21,436.53,437.91,433.07,433.63,93757751.0
2021-09-22,436.05,440.03,433.747,437.86,103757135.0
2021-09-23,439.85,444.89,439.6,443.18,77755673.0
2021-09-24,441.44,444.67,441.21,443.91,63279879.0
2021-09-27,442.81,444.05,441.9,442.64,62530917.0
2021-09-28,439.69,440.04,432.94,433.72,132369999.0
2021-09-29,435.19,437.04,433.85,434.45,83969724.0
2021-09-30,436.02,436.77,428.78,429.14,143598796.0
2021-10-01,430.98,436.0329,427.23,434.24,131035258.0
2021-10-04,433.0,433.96,426.36,428.64,130626145.0
2021-10-05,430.24,435.49,429.39,433.1,92100880.0
2021-10-06,429.27,435.1199,427.54,434.9,113897035.0
2021-10-07,438.39,441.68,438.2,438.66,73716653.0
2021-10-08,439.48,439.89,437.19,437.86,75477568.0
2021-10-11,437.16,440.26,434.62,434.69,66278854.0
2021-10-12,435.67,436.1,432.78,433.62,71939356.0
2021-10-13,434.71,436.05,431.54,435.18,73949659.0
2021-10-14,439.08,442.66,438.58,442.5,71905000.0
2021-10-15,444.75,446.26,444.09,445.87,67668867.0
2021-10-18,443.97,447.55,443.27,447.19,64093511.0
2021-10-19,448.92,450.71,448.27,450.64,48371320.0
2021-10-20,451.13,452.732,451.01,452.41,50871680.0
2021-10-21,451.77,453.829,451.31,453.59,42397570.0
2021-10-22,453.13,454.67,451.05,453.12,59430753.0
2021-10-25,454.28,455.9,452.39,455.55,46427004.0
2021-10-26,457.2,458.49,455.56,455.96,57470445.0
2021-10-27,456.45,457.16,453.86,453.94,73588516.0
2021-10-28,455.46,458.4,455.45,458.32,52962903.0
2021-10-29,455.87,459.56,455.56,459.25,71616663.0
2021-11-01,460.3,460.7021,458.2,460.04,49942295.0
2021-11-02,460.22,462.23,460.08,461.9,50229956.0
2021-11-03,461.3,465.15,460.83,464.72,54199665.0
2021-11-04,465.36,467.0,464.99,466.91,53760607.0
2021-11-05,469.28,470.65,466.92,468.53,67432045.0
2021-11-08,469.7,470.23,468.2031,468.93,51269918.0
2021-11-09,469.32,469.57,465.88,467.38,52049013.0
2021-11-10,465.58,467.38,462.04,463.62,70491976.0
2021-11-11,465.21,465.29,463.75,463.77,36116860.0
2021-11-12,465.12,467.86,464.11,467.27,54909239.0
2021-11-15,468.64,468.81,466.23,467.43,48365823.0
2021-11-16,467.15,470.485,467.07,469.28,50288743.0
2021-11-17,469.0,469.19,467.48,468.14,48931843.0
2021-11-18,469.24,470.01,466.34,469.73,51864988.0
2021-11-19,469.61,470.94,468.5,468.89,58037857.0
2021-11-22,470.89,473.54,467.35,467.57,73773729.0
2021-11-23,467.22,469.095,464.45,468.19,74152789.0
2021-11-24,466.06,469.57,465.19,469.44,63324418.0
2021-11-26,462.34,463.9,457.77,458.97,114062469.0
2021-11-29,464.07,466.56,461.73,464.6,88266156.0
2021-11-30,462.0,464.03,455.3,455.56,151509808.0
2021-12-01,461.64,464.67,450.29,450.5,134806870.0
2021-12-02,450.73,459.07,450.31,457.4,130439224.0
2021-12-03,459.17,460.3,448.92,453.42,138882255.0
2021-12-06,456.13,460.79,453.56,458.79,100786239.0
2021-12-07,464.41,468.88,458.6546,468.28,98181214.0
2021-12-08,468.7,470.0,466.83,469.52,73600326.0
2021-12-09,468.15,469.6291,466.14,466.35,62433012.0
2021-12-10,469.23,470.9,466.51,470.74,78394925.0
2021-12-13,470.19,470.56,466.27,466.59,89029534.0
2021-12-14,463.09,465.74,460.25,463.36,98550028.0
2021-12-15,463.42,470.86,460.74,470.6,119062600.0
2021-12-16,472.57,472.87,464.8,466.45,118519493.0
2021-12-17,461.55,464.74,458.06,459.87,137700311.0
2021-12-20,454.48,455.4,451.14,454.98,108827152.0
2021-12-21,458.61,463.21,456.31,463.06,72205719.0
2021-12-22,462.79,467.81,462.58,467.69,60487971.0
2021-12-23,468.75,472.19,468.64,470.6,57599846.0
2021-12-27,472.06,477.31,472.01,477.26,58274737.0
2021-12-28,477.72,478.81,476.06,476.87,48323486.0
2021-12-29,476.98,478.56,475.92,477.48,55502324.0
2021-12-30,477.93,479.0,475.67,476.16,56438446.0
2021-12-31,475.64,476.86,474.67,474.96,67217721.0
2022-01-03,476.3,477.85,473.85,477.71,74528525.0
2022-01-04,479.22,479.98,475.58,477.55,72231283.0
2022-01-05,477.16,477.98,468.2801,468.38,104678064.0
2022-01-06,467.89,470.82,465.43,467.94,87839262.0
2022-01-07,467.95,469.2,464.65,466.09,86364246.0
2022-01-10,462.7,465.74,456.5973,465.51,120649890.0
2022-01-11,465.23,469.85,462.05,469.73,75431095.0
2022-01-12,471.59,473.2,468.94,471.02,68702010.0
2022-01-13,472.19,472.88,463.44,464.53,93589296.0
2022-01-14,461.19,465.09,459.9,464.72,97790736.0
2022-01-18,459.74,459.96,455.31,456.49,111733633.0
2022-01-19,458.13,459.6124,451.46,451.75,111279125.0
2022-01-20,453.75,458.74,444.5,446.75,125194304.0
2022-01-21,445.56,448.06,437.95,437.98,204630712.0
2022-01-24,432.03,440.38,420.76,439.84,254361526.0
2022-01-25,433.06,439.72,427.15,434.47,170145104.0
2022-01-26,440.72,444.04,428.86,433.38,188214247.0
2022-01-27,438.26,441.59,429.45,431.24,151882702.0
2022-01-28,432.68,442.0,427.82,441.95,166791322.0
2022-01-31,441.24,450.28,439.81,449.91,155582114.0
2022-02-01,450.68,453.63,446.9384,452.95,125134995.0
2022-02-02,455.5,458.12,453.05,457.35,119044971.0
2022-02-03,450.95,452.97,445.71,446.6,120198289.0
2022-02-04,446.35,452.78,443.83,448.7,120819408.0
2022-02-07,449.51,450.99,445.85,447.26,86449092.0
2022-02-08,446.73,451.92,445.22,450.94,83185793.0
2022-02-09,455.22,457.88,455.005,457.54,95013879.0
2022-02-10,451.34,457.71,447.2,449.32,142919007.0
2022-02-11,449.41,451.605,438.94,440.46,156004637.0
2022-02-14,439.92,441.6,435.34,439.02,125379755.0
2022-02-15,443.73,446.28,443.18,446.1,91232544.0
2022-02-16,443.93,448.055,441.94,446.6,84978171.0
2022-02-17,443.22,446.5652,436.42,437.06,102416116.0
2022-02-18,437.33,438.66,431.82,434.23,132619100.0
2022-02-22,431.89,435.5,425.86,429.57,126971668.0
2022-02-23,432.66,433.26,421.35,422.07,132864067.0
2022-02-24,411.02,428.76,410.64,427.99,220033458.0
2022-02-25,429.61,437.84,427.86,437.75,123640399.0
2022-02-28,432.03,438.2,430.7,436.63,149221337.0
2022-03-01,435.04,437.17,427.11,429.98,139991559.0
2022-03-02,432.37,439.72,431.57,437.89,120234911.0
2022-03-03,440.47,441.11,433.8,435.71,105501865.0
2022-03-04,431.75,433.37,427.88,432.17,113974262.0
2022-03-07,431.55,432.3018,419.36,419.43,138047941.0
2022-03-08,419.62,427.21,415.12,416.25,167638902.0
2022-03-09,425.14,429.51,422.82,427.41,117271076.0
2022-03-10,422.52,426.43,420.44,425.48,95329689.0
2022-03-11,428.12,428.77,419.53,420.07,95687775.0
2022-03-14,420.89,424.55,415.79,417.0,95874528.0
2022-03-15,419.77,426.84,418.42,426.17,108235310.0
2022-03-16,429.89,435.68,424.8,435.62,144954949.0
2022-03-17,433.59,441.07,433.19,441.07,104062578.0
2022-03-18,438.0,444.86,437.22,444.52,106542902.0
2022-03-21,444.34,446.46,440.68,444.39,88839174.0
2022-03-22,445.86,450.58,445.86,449.59,76931148.0
2022-03-23,446.91,448.49,443.71,443.8,81316132.0
2022-03-24,445.94,450.5,444.76,450.49,64917269.0
2022-03-25,451.16,452.98,448.43,452.69,77990305.0
2022-03-28,452.06,455.91,450.06,455.84,71058111.0
2022-03-29,460.02,462.07,457.18,461.53,91635758.0
2022-03-30,460.34,461.195,456.465,458.79,82462768.0
2022-03-31,457.89,458.76,451.16,451.64,121830006.0
2022-04-01,453.31,453.46,449.14,452.92,90526299.0
2022-04-04,453.13,456.91,452.26,456.8,61390954.0
2022-04-05,455.22,457.83,449.82,451.03,75760010.0
2022-04-06,446.89,448.93,443.47,446.52,107084639.0
2022-04-07,445.59,450.69,443.53,448.77,78235837.0
2022-04-08,447.97,450.63,445.94,447.57,79354344.0
2022-04-11,444.11,445.0,439.39,439.92,92393812.0
2022-04-12,443.08,445.75,436.6501,438.29,85677975.0
2022-04-13,438.03,444.11,437.84,443.31,75731466.0
2022-04-14,443.55,444.7301,437.68,437.79,100061421.0
2022-04-18,436.81,439.75,435.61,437.97,67080101.0
2022-04-19,437.86,445.8,437.68,445.04,79209141.0
2022-04-20,446.92,447.57,443.48,444.71,66224261.0
2022-04-21,448.54,450.01,437.1,438.06,86898329.0
2022-04-22,436.91,438.0825,425.44,426.04,134318097.0
2022-04-25,423.67,428.69,418.84,428.51,121150668.0
2022-04-26,425.83,426.04,416.07,416.1,104173893.0
2022-04-27,417.24,422.92,415.01,417.27,122342063.0
2022-04-28,422.29,429.64,417.6,427.81,107789356.0
2022-04-29,423.59,425.87,411.21,412.0,148702518.0
2022-05-02,412.07,415.92,405.02,414.48,160312749.0
2022-05-03,415.01,418.93,413.36,416.38,102021088.0
2022-05-04,417.08,429.66,413.7099,429.06,146219632.0
2022-05-05,424.55,425.0,409.44,413.81,175971084.0
2022-05-06,411.1,414.8,405.73,411.34,153284691.0
2022-05-09,405.1,406.41,396.5,398.17,155879661.0
2022-05-10,404.49,406.08,394.82,399.09,135027626.0
2022-05-11,398.07,404.04,391.96,392.75,144045270.0
2022-05-12,389.37,395.8,385.15,392.34,126713465.0
2022-05-13,396.71,403.18,395.61,401.72,104349084.0
2022-05-16,399.98,403.97,397.6,400.09,80100945.0
2022-05-17,406.53,408.57,402.5824,408.32,83226741.0
2022-05-18,403.5,403.8,390.55,391.86,117836734.0
2022-05-19,388.62,394.14,387.11,389.46,99939615.0
2022-05-20,393.25,397.03,380.54,389.63,131446436.0
2022-05-23,392.83,397.73,390.38,396.92,76648121.0
2022-05-24,392.56,395.15,386.96,393.89,92541551.0
2022-05-25,392.31,399.45,391.89,397.37,92887420.0
2022-05-26,398.67,407.04,398.45,405.31,83804711.0
2022-05-27,407.91,415.3801,407.7,415.26,87207078.0
2022-05-31,413.55,416.46,410.03,412.93,97389986.0
2022-06-01,415.17,416.24,406.93,409.59,87995482.0
2022-06-02,409.42,417.44,407.04,417.34,81695452.0
2022-06-03,412.4,414.04,409.51,410.54,72004446.0
2022-06-06,414.78,416.609,410.5523,411.79,58402477.0
2022-06-07,408.1,416.22,407.61,415.74,59483946.0
2022-06-08,413.93,415.82,410.38,411.22,65642329.0
2022-06-09,409.34,411.74,401.44,401.44,88177354.0
2022-06-10,394.88,395.7777,389.75,389.8,135486175.0
2022-06-13,379.85,381.81,373.3,375.0,173443346.0
2022-06-14,376.85,377.94,370.59,373.87,105591082.0
2022-06-15,377.36,383.9,372.12,379.2,128798622.0
2022-06-16,370.51,370.94,364.0799,366.65,138951395.0
2022-06-17,365.51,369.38,362.17,365.86,111452712.0
2022-06-21,371.89,376.525,371.81,375.07,79074527.0
2022-06-22,370.62,378.72,370.18,374.39,91634199.0
2022-06-23,376.64,378.83,372.89,378.06,80303462.0
2022-06-24,381.4,390.09,381.365,390.08,98013848.0
2022-06-27,391.05,391.36,387.44,388.59,67337838.0
2022-06-28,390.23,393.16,380.53,380.65,88649297.0
2022-06-29,381.23,382.27,378.42,380.34,65793757.0
2022-06-30,376.24,380.6582,372.56,377.25,114444484.0
2022-07-01,376.56,381.7,373.8,381.24,76230298.0
2022-07-05,375.88,381.98,372.9,381.96,81666726.0
2022-07-06,382.11,385.87,379.6,383.25,71417341.0
2022-07-07,385.12,389.83,383.267,388.99,66586715.0
2022-07-08,387.27,390.64,385.66,388.67,73126115.0
2022-07-11,385.85,386.87,383.5,384.23,60196162.0
2022-07-12,383.65,386.16,378.99,380.83,63304211.0
2022-07-13,375.1,381.92,374.658,378.83,85453239.0
2022-07-14,373.61,379.0498,371.04,377.91,91022894.0
2022-07-15,382.55,385.25,380.54,385.13,80721517.0
2022-07-18,388.38,389.09,380.66,381.95,64573224.0
2022-07-19,386.08,392.87,385.39,392.27,80462808.0
2022-07-20,392.47,396.26,391.03,394.77,72028992.0
2022-07-21,394.16,398.84,391.63,398.79,65044042.0
2022-07-22,398.92,400.18,392.75,395.09,73212677.0
2022-07-25,395.75,396.47,393.21,395.57,54460198.0
2022-07-26,393.84,394.06,389.95,390.89,54110744.0
2022-07-27,394.36,402.88,394.05,401.04,84389399.0
2022-07-28,401.89,406.8,398.15,406.04,75478050.0
2022-07-29,407.58,413.03,406.77,411.99,88654585.0
2022-08-01,409.15,413.41,408.4,410.77,71138117.0
2022-08-02,409.12,413.0,406.82,408.06,64549577.0
2022-08-03,410.3,415.68,410.0,414.45,69189866.0
2022-08-04,414.37,415.09,412.44,414.17,46473255.0
2022-08-05,409.66,414.15,409.6,413.47,57663233.0
2022-08-08,415.25,417.62,411.83,412.99,54800278.0
2022-08-09,412.22,412.75,410.22,411.35,45025319.0
2022-08-10,418.78,420.14,416.72,419.99,70131594.0
2022-08-11,422.99,424.95,419.21,419.99,60543614.0
2022-08-12,422.03,427.21,421.03,427.1,62922310.0
2022-08-15,424.765,429.41,424.71,428.86,54947334.0
2022-08-16,427.73,431.73,426.88,429.7,60027042.0
2022-08-17,425.91,429.5,424.54,426.65,64678140.0
2022-08-18,426.86,428.61,425.5,427.89,49133661.0
2022-08-19,424.98,425.26,421.22,422.14,69269902.0
2022-08-22,417.05,417.23,412.4,413.35,79484165.0
2022-08-23,412.9,415.42,411.77,412.35,49771778.0
2022-08-24,412.11,415.1101,411.39,413.67,50531686.0
2022-08-25,415.24,419.56,414.09,419.51,51062473.0
2022-08-26,419.39,419.96,405.25,405.31,105714602.0
2022-08-29,402.2,405.84,401.1999,402.63,66499372.0
2022-08-30,403.85,404.1,396.0,398.21,87190352.0
2022-08-31,399.93,401.24,395.04,395.18,77635142.0
2022-09-01,392.89,396.78,390.04,396.42,80204169.0
2022-09-02,400.28,401.555,390.33,392.24,101452968.0
2022-09-06,393.13,394.12,388.42,390.76,77511258.0
2022-09-07,390.43,398.59,390.2,397.78,73982489.0
2022-09-08,395.39,400.86,394.12,400.38,82038578.0
2022-09-09,402.74,407.51,402.46,406.6,79609462.0
2022-09-12,408.78,411.73,408.46,410.97,70935353.0
2022-09-13,401.83,403.1,391.92,393.1,127102562.0
2022-09-14,394.47,396.2,391.12,394.6,85900310.0
2022-09-15,392.96,395.96,388.78,390.12,89118469.0
2022-09-16,384.14,386.25,382.11,385.56,105150204.0
2022-09-19,382.26,388.55,382.1784,388.55,74700086.0
2022-09-20,385.06,386.12,381.195,384.09,78403121.0
2022-09-21,386.11,389.31,377.38,377.39,106950971.0
2022-09-22,376.58,378.3,373.44,374.22,90697405.0
2022-09-23,370.58,370.62,363.29,367.95,123734270.0
2022-09-26,366.41,370.21,363.0299,364.31,93929206.0
2022-09-27,368.02,370.4,360.87,363.38,108682037.0
2022-09-28,364.38,372.3,362.6,370.53,113902548.0
2022-09-29,366.81,367.11,359.7,362.79,115299507.0
2022-09-30,361.8,365.91,357.04,357.18,156959533.0
2022-10-03,361.08,368.55,359.21,366.61,92907273.0
2022-10-04,372.4,378.0,366.5677,377.97,107566221.0
2022-10-05,373.39,379.46,370.95,377.09,89081904.0
2022-10-06,375.62,378.72,372.68,373.2,84084215.0
2022-10-07,368.97,373.2933,360.94,362.79,110845119.0
2022-10-10,363.96,364.21,357.67,360.02,77136053.0
2022-10-11,358.235,363.03,355.71,357.74,93767440.0
2022-10-12,358.17,359.8179,356.3,356.56,78063648.0
2022-10-13,349.205,367.51,348.11,365.97,151012977.0
2022-10-14,368.55,370.26,356.96,357.63,126393363.0
2022-10-17,364.01,367.9799,357.2808,366.82,96144971.0
2022-10-18,375.13,375.45,367.52,371.13,98962943.0
2022-10-19,368.99,371.85,365.55,368.5,81191329.0
2022-10-20,368.03,372.67,364.61,365.41,89795566.0
2022-10-21,365.12,374.8,363.54,374.29,134419474.0
2022-10-24,375.89,380.06,373.11,378.87,87697246.0
2022-10-25,378.79,385.25,378.671,384.92,80716012.0
2022-10-26,381.62,387.58,381.35,382.02,104989718.0
2022-10-27,383.07,385.0,379.33,379.98,83114489.0
2022-10-28,379.87,389.52,379.68,389.02,103100112.0
2022-10-31,386.44,388.4,385.26,386.21,97000212.0
2022-11-01,390.14,390.39,383.29,384.52,85675227.0
2022-11-02,383.9,388.63,374.76,374.87,129869586.0
2022-11-03,371.465,374.2,368.79,371.01,87348809.0
2022-11-04,377.0,378.87,370.0,376.35,106018690.0
2022-11-07,377.71,380.57,375.53,379.95,68286947.0
2022-11-08,381.11,385.12,377.72,382.0,84641062.0
2022-11-09,379.93,381.14,373.61,374.13,78495470.0
2022-11-10,388.05,395.04,385.642,394.69,141455847.0
2022-11-11,395.59,399.35,393.61,398.51,93752318.0
2022-11-14,396.66,400.1799,394.83,395.12,71893165.0
2022-11-15,401.15,402.31,394.49,398.49,93194452.0
2022-11-16,396.78,397.78,394.79,395.45,68508454.0
2022-11-17,390.46,394.95,390.14,394.24,74496255.0
2022-11-18,397.74,397.81,393.04,396.03,92769313.0
2022-11-21,394.64,395.82,392.66,394.59,51243189.0
2022-11-22,396.63,400.07,395.1527,399.9,60429025.0
2022-11-23,399.55,402.93,399.31,402.42,68261628.0
2022-11-25,401.83,402.91,401.535,402.33,30545434.0
2022-11-28,399.09,400.81,395.11,395.91,68021749.0
2022-11-29,396.05,397.3,393.3,395.23,52310039.0
2022-11-30,395.49,407.68,393.48,407.68,144566653.0
2022-12-01,408.77,410.0,404.75,407.38,76398170.0
2022-12-02,402.25,407.86,402.14,406.91,85266739.0
2022-12-05,403.95,404.93,398.17,399.59,77289815.0
2022-12-06,399.42,399.99,391.64,393.83,77972217.0
2022-12-07,392.94,395.64,391.97,393.16,65927896.0
2022-12-08,395.14,397.36,393.2684,396.24,60737912.0
2022-12-09,394.94,397.62,393.15,393.28,81353584.0
2022-12-12,394.11,398.95,393.412,398.95,75405835.0
2022-12-13,410.22,410.49,399.07,401.97,123782534.0
2022-12-14,401.61,405.5,396.31,399.4,108111349.0
2022-12-15,394.3,395.25,387.885,389.63,117705889.0
2022-12-16,385.18,386.575,381.04,383.27,118935616.0
2022-12-19,383.47,383.82,378.28,380.02,79878103.0
2022-12-20,379.23,382.23,377.85,380.54,74427240.0
2022-12-21,383.25,387.41,382.69,386.23,78167369.0
2022-12-22,383.05,386.2134,374.77,380.72,100120855.0
2022-12-23,379.65,383.06,378.03,382.91,59746356.0
2022-12-27,382.79,383.15,379.65,381.4,51638180.0
2022-12-28,381.33,383.39,376.42,376.66,70911520.0
2022-12-29,379.63,384.35,379.08,383.44,66970877.0
2022-12-30,380.64,382.58,378.43,382.43,83957691.0
